,Locality,Locality Latitude,Locality Longitude,Venue,Venue Latitude,Venue Longitude,Venue Category
0,Mitte,52.5176896,13.4023757,"C3 - creative, code and content",52.52055372271295,13.403205517158524,Office
1,Mitte,52.5176896,13.4023757,firma.de,52.5163763537084,13.407431007086162,Office
2,Mitte,52.5176896,13.4023757,solarisBank,52.52084373907762,13.401762386502709,Tech Startup
3,Mitte,52.5176896,13.4023757,OLX Group,52.524719,13.412567,Office
4,Mitte,52.5176896,13.4023757,Lemoncat,52.523777530366196,13.40430626752626,Tech Startup
5,Mitte,52.5176896,13.4023757,eNote Gmbh,52.520758,13.411634,Office
6,Mitte,52.5176896,13.4023757,freenet digital GmbH,52.52549091189833,13.41480016708374,Office
7,Mitte,52.5176896,13.4023757,Mercedes-Benz.io,52.511149,13.404642,Office
8,Mitte,52.5176896,13.4023757,Elbkind Reply GmbH,52.523734975524334,13.40431809425354,Advertising Agency
9,Mitte,52.5176896,13.4023757,Amazon Web Services,52.514014,13.403716,Office
10,Mitte,52.5176896,13.4023757,Packagist Conductors,52.525776,13.399334,Tech Startup
11,Mitte,52.5176896,13.4023757,Kantine im Roten Rathaus,52.518711565466624,13.408754467964172,Corporate Cafeteria
12,Mitte,52.5176896,13.4023757,Wayfair Office Alexanderplatz,52.52493618764692,13.412468131217691,Office
13,Mitte,52.5176896,13.4023757,BCG Digital Ventures,52.52388952143767,13.406692537075553,Tech Startup
14,Mitte,52.5176896,13.4023757,Tüsiad,52.51331013723295,13.411517978370993,Office
15,Mitte,52.5176896,13.4023757,WeWork Hackescher Markt,52.5246922,13.4047745,Coworking Space
16,Mitte,52.5176896,13.4023757,Mercedes-Benz Consulting GmbH,52.51236,13.389951,Office
17,Mitte,52.5176896,13.4023757,Signature by Regus,52.51733794331661,13.389147949637845,Business Center
18,Mitte,52.5176896,13.4023757,Microsoft Berlin,52.51678234501799,13.390488624572754,Electronics Store
19,Mitte,52.5176896,13.4023757,Vivy,52.50921346118894,13.39576522163465,Office
20,Mitte,52.5176896,13.4023757,VC/O - Viessmann Group,52.51934627047904,13.38851325649152,Office
21,Mitte,52.5176896,13.4023757,Scholz & Friends Berlin,52.52179928073099,13.403775726728613,Advertising Agency
22,Mitte,52.5176896,13.4023757,Productsup,52.524879,13.41478,Tech Startup
23,Mitte,52.5176896,13.4023757,SAP Kantine,52.52586563364223,13.403547097574345,Corporate Cafeteria
24,Mitte,52.5176896,13.4023757,rent24 Coworking Berlin Mitte,52.51381229522675,13.396854119151449,Coworking Space
25,Mitte,52.5176896,13.4023757,Berliner Luft,52.523174,13.39228,Corporate Cafeteria
26,Mitte,52.5176896,13.4023757,The Boston Consulting Group,52.509141,13.39827,Office
27,Mitte,52.5176896,13.4023757,Booking.com Germany (SPM),52.51202427524823,13.401605869206588,Office
28,Mitte,52.5176896,13.4023757,Babbel HQ,52.52466517361064,13.408121466636658,Tech Startup
29,Mitte,52.5176896,13.4023757,Grenanderhaus,52.522932051863044,13.409199714660645,Office
30,Mitte,52.5176896,13.4023757,Kantine Maxim Gorki Theater,52.519091815308634,13.395514286468295,Corporate Cafeteria
31,Mitte,52.5176896,13.4023757,AKQA Berlin,52.523406718746536,13.39913115441313,Advertising Agency
32,Mitte,52.5176896,13.4023757,SumUp HQ,52.519711488510104,13.412677502816123,Tech Startup
33,Mitte,52.5176896,13.4023757,King,52.514064032802956,13.396223642305813,Tech Startup
34,Mitte,52.5176896,13.4023757,iconmobile group,52.51085554190519,13.40571832800566,Office
35,Mitte,52.5176896,13.4023757,DATA Kitchen,52.52440519527105,13.402252195676223,Breakfast Spot
36,Mitte,52.5176896,13.4023757,N26,52.51605811137184,13.412377235310473,Tech Startup
37,Mitte,52.5176896,13.4023757,Amazon Development Center Germany,52.50984232194979,13.398481369170305,Office
38,Mitte,52.5176896,13.4023757,Mindspace,52.51229938346634,13.390057458911725,Coworking Space
39,Mitte,52.5176896,13.4023757,Delivery Hero HQ,52.524453024903885,13.39281678199768,Tech Startup
40,Mitte,52.5176896,13.4023757,Hypoport AG,52.51818701300547,13.412507298353315,Office
41,Mitte,52.5176896,13.4023757,Google Berlin,52.52318466967244,13.39232423958327,Office
42,Mitte,52.5176896,13.4023757,Quadriga Forum,52.5151130549495,13.396938916896753,Event Space
43,Mitte,52.5176896,13.4023757,TD Reply,52.521579302874535,13.40499962282914,Office
44,Mitte,52.5176896,13.4023757,SAP Berlin,52.525968782962835,13.403449905664855,Office
45,Mitte,52.5176896,13.4023757,Mindspace,52.50951408134341,13.390941677933352,Coworking Space
46,Mitte,52.5176896,13.4023757,Berliner Verlag,52.52486944275411,13.412396934589893,Office
47,Mitte,52.5176896,13.4023757,DB mindbox,52.51447743738485,13.41856180035964,Event Space
48,Mitte,52.5176896,13.4023757,EY,52.521415996645715,13.387819009648856,Office
49,Mitte,52.5176896,13.4023757,Microsoft,52.52497523526203,13.413984775543213,Office
50,Moabit,52.5301017,13.3425422,Universa,52.52970888176981,13.342880084319654,Conference Room
51,Moabit,52.5301017,13.3425422,Hometogo,52.528873,13.344457,Tech Startup
52,Moabit,52.5301017,13.3425422,Food Tech Campus,52.5318,13.344165,Tech Startup
53,Moabit,52.5301017,13.3425422,Glispa GmbH,52.52860040249733,13.344095845622284,Office
54,Moabit,52.5301017,13.3425422,Styleranking Fashion Week HQ,52.52988,13.343811,Office
55,Moabit,52.5301017,13.3425422,Aytours,52.529678945153385,13.343650956045675,Tech Startup
56,Moabit,52.5301017,13.3425422,House of Clouds,52.52916600808135,13.33714435643777,Coworking Space
57,Moabit,52.5301017,13.3425422,Jugendpresse Deutschland,52.5250494691378,13.343521461789068,Office
58,Moabit,52.5301017,13.3425422,Flowkey,52.52469396605109,13.347498583355723,Office
59,Moabit,52.5301017,13.3425422,Vereinte Talente,52.52474219630068,13.352411037060774,Advertising Agency
60,Moabit,52.5301017,13.3425422,Treibende Kraft Bürogemeinschaft,52.52656,13.351498,Office
61,Moabit,52.5301017,13.3425422,Omni:us,52.527391,13.344715,Tech Startup
62,Moabit,52.5301017,13.3425422,Behala Westhafen,52.53689310540952,13.340026584314339,Building
63,Moabit,52.5301017,13.3425422,falcon.io,52.527489,13.345346,Office
64,Moabit,52.5301017,13.3425422,Model Engineering Solutions,52.528932,13.337014,Office
65,Moabit,52.5301017,13.3425422,Care4me,52.527832,13.345424,Office
66,Moabit,52.5301017,13.3425422,BrightONE,52.52313385769997,13.34399719136188,Office
67,Moabit,52.5301017,13.3425422,Deutsches Forschungszentrum für Künstliche Intelligenz (DFKI) GmbH,52.52419386684006,13.344341123304194,Corporate Amenity
68,Moabit,52.5301017,13.3425422,Nokia Siemens Networks,52.524093,13.343838,Office
69,Moabit,52.5301017,13.3425422,IBM Forum Berlin,52.52449871855808,13.3449125289917,Office
70,Moabit,52.5301017,13.3425422,ThinPrint AG,52.523843,13.344374,Office
71,Moabit,52.5301017,13.3425422,BCIX HQ,52.52424351733733,13.34563337514489,Tech Startup
72,Moabit,52.5301017,13.3425422,Farbfilm Media,52.525036,13.34436,Office
73,Moabit,52.5301017,13.3425422,BWB gGmbH,52.537738107202415,13.343727203061755,Office
74,Moabit,52.5301017,13.3425422,Atotech Deutschland GmbH,52.525012,13.325893,Office
75,Moabit,52.5301017,13.3425422,actisio,52.528504,13.337008,Office
76,Moabit,52.5301017,13.3425422,Office Waldenser,52.529170153495336,13.337176421866506,Office
77,Moabit,52.5301017,13.3425422,Vemma Europe Berlin Office,52.53670374951285,13.34291696548462,Office
78,Moabit,52.5301017,13.3425422,VVO-Osburg,52.52916152628629,13.337135736363217,Office
79,Moabit,52.5301017,13.3425422,AVM,52.524570690123724,13.345849286059849,Office
80,Moabit,52.5301017,13.3425422,Memetics GmbH,52.52872355866193,13.337070651443595,Tech Startup
81,Moabit,52.5301017,13.3425422,Amagi PR,52.523025,13.341403,Office
82,Moabit,52.5301017,13.3425422,Changhong Europe Deutschland GmbH,52.53619659588818,13.340711257029875,Office
83,Moabit,52.5301017,13.3425422,UNIMALL,52.524117,13.344587991090552,Office
84,Moabit,52.5301017,13.3425422,Webpacker GbR / MULTIVISION Multi-Touch,52.52501021,13.34439245,Tech Startup
85,Moabit,52.5301017,13.3425422,"TTS Knowledge Products DeBeBü01 OP4 AL,AL,JS",52.52446921294628,13.346348487271953,Coworking Space
86,Moabit,52.5301017,13.3425422,Infernum HQ,52.52372399222758,13.344381200835787,Spiritual Center
87,Moabit,52.5301017,13.3425422,Midtown Lofts,52.52355221084367,13.333837690052171,Office
88,Moabit,52.5301017,13.3425422,Neue Signale,52.524655382154435,13.352487087249756,Advertising Agency
89,Moabit,52.5301017,13.3425422,Sauerbruch Hutton Architects,52.53262883068796,13.358329119729195,Office
90,Moabit,52.5301017,13.3425422,Raumstation,52.533164,13.349328,Coworking Space
91,Moabit,52.5301017,13.3425422,Häuslicher Sozialdienst Talisman,52.52451705932617,13.335759162902832,Office
92,Moabit,52.5301017,13.3425422,MoBerries,52.533970780372606,13.350057476682275,Tech Startup
93,Moabit,52.5301017,13.3425422,Deutscher Beamtenbund (DBB),52.52405483533408,13.345277309417723,Office
94,Moabit,52.5301017,13.3425422,Erfolg braucht Visionen,52.527392183354785,13.354258625129285,Office
95,Moabit,52.5301017,13.3425422,protected-networks.com GmbH,52.523552,13.332403,Office
96,Moabit,52.5301017,13.3425422,M's Marketing und Kommunikation GmbH,52.523537,13.332324,Coworking Space
97,Moabit,52.5301017,13.3425422,helgoländer6,52.52182882387255,13.34911823272705,Coworking Space
98,Moabit,52.5301017,13.3425422,Hubert & Fischer,52.523266,13.333928,Office
99,Hansaviertel,52.5191234,13.3418725,ThinPrint AG,52.523843,13.344374,Office
100,Hansaviertel,52.5191234,13.3418725,BrightONE,52.52313385769997,13.34399719136188,Office
101,Hansaviertel,52.5191234,13.3418725,Cine Chromatics / Transfermedia Büro Berlin,52.521458,13.33028,Office
102,Hansaviertel,52.5191234,13.3418725,Stayfriends,52.51730466452849,13.327368192466126,Office
103,Hansaviertel,52.5191234,13.3418725,Deutsches Forschungszentrum für Künstliche Intelligenz (DFKI) GmbH,52.52419386684006,13.344341123304194,Corporate Amenity
104,Hansaviertel,52.5191234,13.3418725,Jugendpresse Deutschland,52.5250494691378,13.343521461789068,Office
105,Hansaviertel,52.5191234,13.3418725,Flowkey,52.52469396605109,13.347498583355723,Office
106,Hansaviertel,52.5191234,13.3418725,Vereinte Talente,52.52474219630068,13.352411037060774,Advertising Agency
107,Hansaviertel,52.5191234,13.3418725,KV Telematik GmbH,52.51614223535227,13.331090119658441,Office
108,Hansaviertel,52.5191234,13.3418725,Carmeq (Salzufer),52.516793,13.327089,Office
109,Hansaviertel,52.5191234,13.3418725,Eight Floors,52.517126773405465,13.324175302848925,Office
110,Hansaviertel,52.5191234,13.3418725,Myhammer HQ,52.517994,13.32481,Tech Startup
111,Hansaviertel,52.5191234,13.3418725,Flaconi GmbH,52.52080725776219,13.32810745962005,Office
112,Hansaviertel,52.5191234,13.3418725,Treibende Kraft Bürogemeinschaft,52.52656,13.351498,Office
113,Hansaviertel,52.5191234,13.3418725,Omni:us,52.527391,13.344715,Tech Startup
114,Hansaviertel,52.5191234,13.3418725,Cyber Innovation Hub,52.519936,13.328291,Coworking Space
115,Hansaviertel,52.5191234,13.3418725,Testo Se & Co. Kgaa Software Solution Center Berlin,52.518264,13.324721,Office
116,Hansaviertel,52.5191234,13.3418725,BCIX HQ,52.52424351733733,13.34563337514489,Tech Startup
117,Hansaviertel,52.5191234,13.3418725,Hghi Tower,52.514293,13.336048,Office
118,Hansaviertel,52.5191234,13.3418725,Nokia Siemens Networks,52.524093,13.343838,Office
119,Hansaviertel,52.5191234,13.3418725,Midtown Lofts,52.52355221084367,13.333837690052171,Office
120,Hansaviertel,52.5191234,13.3418725,Farbfilm Media,52.525036,13.34436,Office
121,Hansaviertel,52.5191234,13.3418725,Kaiserstück,52.520215,13.326838,Corporate Cafeteria
122,Hansaviertel,52.5191234,13.3418725,Gebauer Höfe,52.5207285991988,13.327927749654062,Coworking Space
123,Hansaviertel,52.5191234,13.3418725,VistaPrint Berlin,52.516513359322026,13.3288147943607,Office
124,Hansaviertel,52.5191234,13.3418725,Amagi PR,52.523025,13.341403,Office
125,Hansaviertel,52.5191234,13.3418725,AVM,52.524570690123724,13.345849286059849,Office
126,Hansaviertel,52.5191234,13.3418725,SAKRET Trockenbaustoffe Europa GmbH & Co. KG,52.52153506026927,13.32841157913208,Office
127,Hansaviertel,52.5191234,13.3418725,Weber EMEA HQ,52.51925,13.324785,Office
128,Hansaviertel,52.5191234,13.3418725,helgoländer6,52.52182882387255,13.34911823272705,Coworking Space
129,Hansaviertel,52.5191234,13.3418725,Infernum HQ,52.52372399222758,13.344381200835787,Spiritual Center
130,Hansaviertel,52.5191234,13.3418725,Market Logic Software AG,52.518417,13.325564,Office
131,Hansaviertel,52.5191234,13.3418725,protected-networks.com GmbH,52.523552,13.332403,Office
132,Hansaviertel,52.5191234,13.3418725,UNIMALL,52.524117,13.344587991090552,Office
133,Hansaviertel,52.5191234,13.3418725,Rödl & Partner,52.514238571451216,13.336166636961005,Office
134,Hansaviertel,52.5191234,13.3418725,falcon.io,52.527489,13.345346,Office
135,Hansaviertel,52.5191234,13.3418725,Studio 7.5,52.52140625275693,13.3295184207532,Office
136,Hansaviertel,52.5191234,13.3418725,Model Engineering Solutions,52.528932,13.337014,Office
137,Hansaviertel,52.5191234,13.3418725,Incoming Berlin,52.523922,13.329153,Office
138,Hansaviertel,52.5191234,13.3418725,Webpacker GbR / MULTIVISION Multi-Touch,52.52501021,13.34439245,Tech Startup
139,Hansaviertel,52.5191234,13.3418725,Comstor Berlin,52.518085,13.324994,Office
140,Hansaviertel,52.5191234,13.3418725,Referenzzentrum Mammographie Berlin,52.51380754628802,13.338310418730323,Office
141,Hansaviertel,52.5191234,13.3418725,Deutscher Beamtenbund (DBB),52.52405483533408,13.345277309417723,Office
142,Hansaviertel,52.5191234,13.3418725,faireurope Deutschland GmbH,52.519577,13.355652,Office
143,Hansaviertel,52.5191234,13.3418725,Cigar Clan,52.52144,13.32836,Office
144,Hansaviertel,52.5191234,13.3418725,actisio,52.528504,13.337008,Office
145,Hansaviertel,52.5191234,13.3418725,DB Dialog GmbH,52.51560028237896,13.327905504144619,Office
146,Tiergarten,52.5097776,13.3572597,KPMG,52.50686860749253,13.353606180599856,Office
147,Tiergarten,52.5097776,13.3572597,Eurest Kantine,52.50585324634084,13.363575010881735,Corporate Cafeteria
148,Tiergarten,52.5097776,13.3572597,scoutbee Berlin,52.501484,13.364831,Tech Startup
149,Tiergarten,52.5097776,13.3572597,sennder GmbH,52.503094,13.358764,Corporate Amenity
150,Tiergarten,52.5097776,13.3572597,Signavio,52.5039056489926,13.345019817352295,Tech Startup
151,Tiergarten,52.5097776,13.3572597,CDU-Bundesgeschäftsstelle | Konrad-Adenauer-Haus,52.50639378340291,13.351457118988037,Campaign Office
152,Tiergarten,52.5097776,13.3572597,kollex,52.502864,13.358927,Tech Startup
153,Tiergarten,52.5097776,13.3572597,Highsnobiety HQ,52.502814,13.358905,Office
154,Tiergarten,52.5097776,13.3572597,NewStore,52.508794,13.372435,Tech Startup
155,Tiergarten,52.5097776,13.3572597,Securitas Berlin (P88),52.502922864844486,13.365195845584648,Office
156,Tiergarten,52.5097776,13.3572597,eventim,52.505705,13.353798,Coworking Space
157,Tiergarten,52.5097776,13.3572597,Mattermost Berlin,52.5106813609269,13.37221500517822,Tech Startup
158,Tiergarten,52.5097776,13.3572597,Saal Maritim,52.506995,13.363894,Conference Room
159,Tiergarten,52.5097776,13.3572597,FOCUS Online Hauptstadtbüro,52.508889,13.372676,Office
160,Tiergarten,52.5097776,13.3572597,Trust,52.503038,13.361525,Coworking Space
161,Tiergarten,52.5097776,13.3572597,HotelNetSolutions,52.50515365600586,13.360142707824707,Office
162,Tiergarten,52.5097776,13.3572597,Lützow Center,52.505921640100304,13.350588982281423,Office
163,Tiergarten,52.5097776,13.3572597,Cineplus,52.50497931443916,13.360787553641131,Office
164,Tiergarten,52.5097776,13.3572597,Eventraum Berlin - Sydney,52.50395789473228,13.351671695709229,Conference Room
165,Tiergarten,52.5097776,13.3572597,BerlinHyp,52.506845463673685,13.347728133376222,Office
166,Tiergarten,52.5097776,13.3572597,N26 HQ,52.50331963875323,13.349647796192523,Bank
167,Tiergarten,52.5097776,13.3572597,sitting at my desk,52.50691108920525,13.35229962915518,Office
168,Tiergarten,52.5097776,13.3572597,Biocom AG,52.503683,13.359492,Office
169,Tiergarten,52.5097776,13.3572597,CrossLend HQ,52.51064189970127,13.371618319291604,Tech Startup
170,Tiergarten,52.5097776,13.3572597,DB Belétage en Bellevue,52.51031445024953,13.373568336031028,Office
171,Tiergarten,52.5097776,13.3572597,visitBerlin,52.5035664420015,13.370927381620277,Office
172,Tiergarten,52.5097776,13.3572597,orgavision GmbH,52.50167208555223,13.3463716506958,Office
173,Tiergarten,52.5097776,13.3572597,Facebook Kantine,52.510782,13.37234,Corporate Cafeteria
174,Tiergarten,52.5097776,13.3572597,Haus der Werbung,52.50174,13.346475,Advertising Agency
175,Tiergarten,52.5097776,13.3572597,Amgen Innovation Hub,52.510778,13.372014,Corporate Amenity
176,Tiergarten,52.5097776,13.3572597,Deutsche Gesellschaft für Internationale Zusammenarbeit (GIZ),52.50551217708474,13.37158441543579,Government Building
177,Tiergarten,52.5097776,13.3572597,Sony/ATV Music Publishing Germany,52.509369567970325,13.373688033506777,Office
178,Tiergarten,52.5097776,13.3572597,intersience film,52.50225,13.345901,Office
179,Tiergarten,52.5097776,13.3572597,Feuersozietät Berlin-Brandenburg,52.504597742256266,13.369841937447719,Office
180,Tiergarten,52.5097776,13.3572597,The KaDeWe Group,52.50780392915281,13.344646709863168,Office
181,Tiergarten,52.5097776,13.3572597,Facebook Berlin,52.51074430737406,13.371763937898068,Office
182,Tiergarten,52.5097776,13.3572597,Jo!Schmidt,52.506980796229236,13.3467569831103,Office
183,Tiergarten,52.5097776,13.3572597,DEAG Deutsche Entertainment AG,52.50551,13.367524,Office
184,Tiergarten,52.5097776,13.3572597,Creatives Loop International,52.501882,13.352897,Office
185,Tiergarten,52.5097776,13.3572597,Condomsimperium,52.50470620757006,13.34360913845732,Coworking Space
186,Tiergarten,52.5097776,13.3572597,Ondango,52.500207,13.35916,Tech Startup
187,Tiergarten,52.5097776,13.3572597,austastlücke GbR,52.501338658913454,13.359924061410593,Tech Startup
188,Tiergarten,52.5097776,13.3572597,Sanofi-Aventis Deutschland,52.509379726627834,13.372282345990333,Office
189,Tiergarten,52.5097776,13.3572597,"Sony Europe Limited, Zweigniederlassung Deutschland",52.51080303376096,13.372440213729941,Office
190,Tiergarten,52.5097776,13.3572597,Edenspiekermann,52.502245680366386,13.365147827515504,Design Studio
191,Tiergarten,52.5097776,13.3572597,SORAT Hotels Head Office,52.50325602519341,13.344560321215253,Office
192,Tiergarten,52.5097776,13.3572597,Berlin Tourismus und Kongress GmbH,52.50370653131754,13.370960829241206,Office
193,Wedding,52.550123,13.34197,Deutsche Startups HQ,52.54729178704692,13.339943686702833,Office
194,Wedding,52.550123,13.34197,Allianz Generalvertretung Th. Eschenbach,52.55219863226912,13.341098040802335,Office
195,Wedding,52.550123,13.34197,Restaurant,52.541738314869576,13.347083058304028,Corporate Cafeteria
196,Wedding,52.550123,13.34197,Verkehrsakademie BVG,52.55951199909225,13.337317610348379,Conference Room
197,Wedding,52.550123,13.34197,DHZB Beamtenhaus,52.543659,13.347259,Conference Room
198,Wedding,52.550123,13.34197,Tuechtig – Raum Für Inklusion,52.55333,13.360085,Coworking Space
199,Wedding,52.550123,13.34197,Praxis Schulze,52.548121,13.349362,Office
200,Wedding,52.550123,13.34197,aleks und shantu gmbh,52.549186,13.352925,Office
201,Wedding,52.550123,13.34197,Capgemini ASE Center,52.555860887293086,13.330940854102154,Conference Room
202,Wedding,52.550123,13.34197,Mieterschutzbund Berlin e.V.,52.552959,13.347563,Office
203,Wedding,52.550123,13.34197,Hey Berlin Magazin,52.550389,13.356231,Office
204,Wedding,52.550123,13.34197,WOLEJKO-WOLEJSZO photography,52.55367647146537,13.344291118631123,Office
205,Wedding,52.550123,13.34197,Footsteps Entertainment,52.554684,13.34987,Office
206,Wedding,52.550123,13.34197,Lilax Solutions,52.550437,13.35282,Office
207,Wedding,52.550123,13.34197,UEBST Zentrale,52.55553606453604,13.342234105099077,Tech Startup
208,Wedding,52.550123,13.34197,"Grünes Bürgerbüro von Silke Gebel, MdA & Marc Urbatsch, MdA",52.54688,13.350167,Campaign Office
209,Wedding,52.550123,13.34197,dinchens schreibtisch,52.560609899999996,13.3340956,Office
210,Wedding,52.550123,13.34197,Matul e. V.,52.552234,13.357234,Office
211,Wedding,52.550123,13.34197,Locafox,52.55255,13.360053,Tech Startup
212,Wedding,52.550123,13.34197,Charité Geschäftsbereich Personal,52.541258,13.339007,Office
213,Gesundbrunnen,52.5509201,13.384846,Of Unicorns&Lions,52.548904,13.380898,Office
214,Gesundbrunnen,52.5509201,13.384846,IDEAL SYSTEM BAU ɢмнв,52.551663,13.38452,Office
215,Gesundbrunnen,52.5509201,13.384846,Jack Be Nimble,52.547582488279794,13.369293509507258,Advertising Agency
216,Gesundbrunnen,52.5509201,13.384846,Voith Innovation Lab,52.548821,13.381017,Office
217,Gesundbrunnen,52.5509201,13.384846,COMO,52.554324,13.374245,Tech Startup
218,Gesundbrunnen,52.5509201,13.384846,be'kech Anticafé,52.55415039846866,13.374524116516113,Coworking Space
219,Gesundbrunnen,52.5509201,13.384846,STf-Mst Gesundbrunnen,52.549283781003425,13.390703201293944,Office
220,Gesundbrunnen,52.5509201,13.384846,Bmw Welt,52.55052484300745,13.391540928227093,Office
221,Gesundbrunnen,52.5509201,13.384846,Alte Kantine Office Co-Working,52.55254564859899,13.37486743927002,Coworking Space
222,Gesundbrunnen,52.5509201,13.384846,Ignore Gravity,52.55516337533263,13.38313895422139,Office
223,Gesundbrunnen,52.5509201,13.384846,AyTours,52.554024515876705,13.382947383200792,Tech Startup
224,Gesundbrunnen,52.5509201,13.384846,Looking Forward,52.548855,13.380964,Office
225,Gesundbrunnen,52.5509201,13.384846,Unicorn.Berlin AEG Höfe,52.541134,13.386964,Coworking Space
226,Gesundbrunnen,52.5509201,13.384846,Be'ksch,52.554015,13.374638,Café
227,Gesundbrunnen,52.5509201,13.384846,ExRotaprint,52.55019366687244,13.370015783358385,Coworking Space
228,Gesundbrunnen,52.5509201,13.384846,Amplifier,52.54088009332746,13.386508226394652,Coworking Space
229,Gesundbrunnen,52.5509201,13.384846,Thedive Base1,52.55277,13.374456,Office
230,Gesundbrunnen,52.5509201,13.384846,Deutsch-Russischer Austausch e.V.,52.5528326813407,13.378729820251465,Office
231,Gesundbrunnen,52.5509201,13.384846,AOK Service Centre,52.549459,13.38716,Corporate Amenity
232,Gesundbrunnen,52.5509201,13.384846,Gesellschaft zur Entwicklung von Dingen,52.55607841967464,13.383872591718038,Tech Startup
233,Gesundbrunnen,52.5509201,13.384846,Study Room,52.55157,13.391647,Coworking Space
234,Gesundbrunnen,52.5509201,13.384846,Enviro AI,52.54167416475746,13.38968514657703,Office
235,Gesundbrunnen,52.5509201,13.384846,SPECS,52.54211946266098,13.389675940666127,Office
236,Gesundbrunnen,52.5509201,13.384846,Jakoby-Architekten,52.552493,13.374501,Office
237,Gesundbrunnen,52.5509201,13.384846,Innodox Technologies Gmbh,52.554648,13.374378,IT Services
238,Gesundbrunnen,52.5509201,13.384846,Bonial.Com,52.541464,13.383303,Office
239,Gesundbrunnen,52.5509201,13.384846,NKF Media,52.541008,13.3871,Office
240,Gesundbrunnen,52.5509201,13.384846,FELIX Pflegeteam gGmbH,52.54694571053238,13.375119712544903,Office
241,Gesundbrunnen,52.5509201,13.384846,CPS-IT,52.541192426689996,13.385994115873578,Office
242,Gesundbrunnen,52.5509201,13.384846,Christiania e. V.,52.556197,13.383679,Office
243,Gesundbrunnen,52.5509201,13.384846,Bürgerinitiative bedingungsloses Grundeinkommen e.V.,52.5525639,13.390359,Conference Room
244,Gesundbrunnen,52.5509201,13.384846,MCB MEDIACOMMUNICATION GmbH,52.541937167347854,13.388128280639648,Office
245,Gesundbrunnen,52.5509201,13.384846,@work,52.556997,13.373039,Office
246,Gesundbrunnen,52.5509201,13.384846,sisterMAGoffice,52.541208369143376,13.386199121817485,Tech Startup
247,Gesundbrunnen,52.5509201,13.384846,Hollywoodschaukel,52.55576778523506,13.394244495885788,Tech Startup
248,Gesundbrunnen,52.5509201,13.384846,PLEYCOM,52.556121850000004,13.386162275,Tech Startup
249,Gesundbrunnen,52.5509201,13.384846,ED Music Production & Office,52.560529,13.385505,Office
250,Gesundbrunnen,52.5509201,13.384846,Inventorum,52.54194139796371,13.388249876135976,Tech Startup
251,Gesundbrunnen,52.5509201,13.384846,500px,52.548398,13.366546,Advertising Agency
252,Gesundbrunnen,52.5509201,13.384846,Safeserver.de,52.556043473067,13.383994713719071,Office
253,Gesundbrunnen,52.5509201,13.384846,Ifie GmbH,52.54243295503388,13.38569593156205,Office
254,Gesundbrunnen,52.5509201,13.384846,Praeger Richter Architekten,52.545206,13.373917,Office
255,Gesundbrunnen,52.5509201,13.384846,Hello.Eboy,52.544212,13.376675,Office
256,Gesundbrunnen,52.5509201,13.384846,ibv GmbH,52.54385549592645,13.390660285949705,Office
257,Gesundbrunnen,52.5509201,13.384846,Über den Dächern,52.545215,13.373992,Coworking Space
258,Gesundbrunnen,52.5509201,13.384846,SFE GMBH,52.54189871643669,13.389820845145275,Coworking Space
259,Gesundbrunnen,52.5509201,13.384846,Natteria GmbH,52.54139664973372,13.387057306430814,Tech Startup
260,Gesundbrunnen,52.5509201,13.384846,Bandagenten,52.545042,13.373274,Office
261,Gesundbrunnen,52.5509201,13.384846,eBoy Berlin,52.54832816999398,13.367233532554646,Office
262,Friedrichshain,52.5122154,13.4502904,Gubener strasse 47,52.512309420702664,13.449760957172321,Office
263,Friedrichshain,52.5122154,13.4502904,LAUNCH/CO WORKING,52.511743597682084,13.453560681084712,Coworking Space
264,Friedrichshain,52.5122154,13.4502904,agile42 Head Quarter,52.511747182364076,13.455729650260208,Office
265,Friedrichshain,52.5122154,13.4502904,Stratum Lounge,52.513190698790005,13.454628245939737,Conference Room
266,Friedrichshain,52.5122154,13.4502904,DCMN,52.512846131641574,13.45524433020752,Office
267,Friedrichshain,52.5122154,13.4502904,onformative,52.515388771648965,13.465574553373862,Tech Startup
268,Friedrichshain,52.5122154,13.4502904,Ergo Digital,52.51395,13.452899,Office
269,Friedrichshain,52.5122154,13.4502904,Mercedes-Benz Vertrieb Deutschland,52.505967875956436,13.438935364418057,Office
270,Friedrichshain,52.5122154,13.4502904,Airhelp,52.513058,13.455307,Tech Startup
271,Friedrichshain,52.5122154,13.4502904,AOK Nordost - Servicecenter Charlottenburg,52.5150586,13.45332,Office
272,Friedrichshain,52.5122154,13.4502904,Ruby HQ,52.512818,13.440271,Office
273,Friedrichshain,52.5122154,13.4502904,FFW Agency - Berlin Office,52.5171,13.439357,Office
274,Friedrichshain,52.5122154,13.4502904,Travis CI 2.0,52.51793266426309,13.45592575788487,Tech Startup
275,Friedrichshain,52.5122154,13.4502904,Meltwater,52.50349326290979,13.451322505675329,Tech Startup
276,Friedrichshain,52.5122154,13.4502904,sofatutor office,52.511455153893294,13.455681763934765,Tech Startup
277,Friedrichshain,52.5122154,13.4502904,Wilhelm Hilpert Hausverwaltung GmbH,52.506874,13.438029,Office
278,Friedrichshain,52.5122154,13.4502904,Care.com Europe,52.50392791594812,13.450094987813708,Tech Startup
279,Friedrichshain,52.5122154,13.4502904,ESDIP Berlin,52.51147552334391,13.454688829237455,Coworking Space
280,Friedrichshain,52.5122154,13.4502904,werwiewas medienproduktion,52.515804,13.439451,Office
281,Friedrichshain,52.5122154,13.4502904,ESDIP Upstairs,52.510864877246455,13.454506256621192,Coworking Space
282,Friedrichshain,52.5122154,13.4502904,Karl-Marx-Allee 90,52.516571,13.441167,Office
283,Friedrichshain,52.5122154,13.4502904,Münzenbergsaal,52.512855,13.440662,Conference Room
284,Friedrichshain,52.5122154,13.4502904,Car2Go,52.504622,13.441418,Rental Car Location
285,Friedrichshain,52.5122154,13.4502904,UBI KLiZ Mieterladen,52.514275211167714,13.460794687271118,Office
286,Friedrichshain,52.5122154,13.4502904,Mediaresidents,52.513078,13.440714,Coworking Space
287,Friedrichshain,52.5122154,13.4502904,Market Orange - Zalando HQ Cantina,52.506216,13.441686,Corporate Cafeteria
288,Friedrichshain,52.5122154,13.4502904,OpenSynergy GmbH,52.50365627860461,13.450547830382412,Office
289,Friedrichshain,52.5122154,13.4502904,STf-Mst Ostbahnhof,52.51079904156121,13.435226491408823,Office
290,Friedrichshain,52.5122154,13.4502904,MB Arena Crew Catering,52.5066223451175,13.444433212280273,Corporate Cafeteria
291,Friedrichshain,52.5122154,13.4502904,]init[ AG,52.50788,13.436145,Office
292,Friedrichshain,52.5122154,13.4502904,Zalando HQ,52.50676601187263,13.440828323364258,Office
293,Friedrichshain,52.5122154,13.4502904,UNIONHILFSWERK,52.52018582442288,13.448067143208505,Office
294,Friedrichshain,52.5122154,13.4502904,Agentur WOK,52.5183217838107,13.440216630996316,Office
295,Friedrichshain,52.5122154,13.4502904,Vilua,52.503596487951214,13.451592402885174,Office
296,Friedrichshain,52.5122154,13.4502904,adesso AG,52.50391777725405,13.449832732914555,Office
297,Friedrichshain,52.5122154,13.4502904,Rudolf 11,52.504218719867886,13.453308587464775,Coworking Space
298,Friedrichshain,52.5122154,13.4502904,GfK Data & Technology,52.5032395103687,13.450312614440918,Office
299,Friedrichshain,52.5122154,13.4502904,Bitstore Systemhaus GmbH,52.51653289794922,13.460556030273438,Office
300,Friedrichshain,52.5122154,13.4502904,Tigerbytes,52.50384088741207,13.451885910990622,Office
301,Friedrichshain,52.5122154,13.4502904,berida.com HQ (P40),52.51848697003691,13.437997838378347,Tech Startup
302,Friedrichshain,52.5122154,13.4502904,Verlag Neues Deutschland,52.51288018842195,13.440176593151813,Office
303,Friedrichshain,52.5122154,13.4502904,Zalando BM1,52.50549200026229,13.43996665230342,Office
304,Friedrichshain,52.5122154,13.4502904,Landesgeschäftsstelle Grüne Jugend Berlin,52.508177924015904,13.456755912824296,Campaign Office
305,Friedrichshain,52.5122154,13.4502904,Zalando BTD,52.504382389065206,13.444186449050903,Office
306,Friedrichshain,52.5122154,13.4502904,Berghain OstGut GmbH,52.511251581860485,13.442688032953638,Office
307,Friedrichshain,52.5122154,13.4502904,MOTOR-TALK.de,52.51137958076611,13.455636471466278,Tech Startup
308,Friedrichshain,52.5122154,13.4502904,Zalando HQ Hub,52.50401245232861,13.443955508551769,Event Space
309,Friedrichshain,52.5122154,13.4502904,KAYAK Berlin,52.50878299016621,13.437524951478853,Office
310,Friedrichshain,52.5122154,13.4502904,Büroturm Berlin Ostbahnhof,52.51018026806605,13.43255616321356,Conference Room
311,Kreuzberg,52.4976443,13.411914,Donut HQ,52.49643156649548,13.413431702297558,Tech Startup
312,Kreuzberg,52.4976443,13.411914,TLGG Consulting,52.4963139249981,13.422369298455685,Laboratory
313,Kreuzberg,52.4976443,13.411914,UFOMAMMOOT,52.490943962125435,13.418706585750408,Advertising Agency
314,Kreuzberg,52.4976443,13.411914,TLGG,52.49630152434264,13.42254631060876,Advertising Agency
315,Kreuzberg,52.4976443,13.411914,shyftplan,52.500795627655464,13.412888249719353,Tech Startup
316,Kreuzberg,52.4976443,13.411914,Race Scout,52.496438,13.422207,Coworking Space
317,Kreuzberg,52.4976443,13.411914,Polar Squad,52.495375,13.421068,Office
318,Kreuzberg,52.4976443,13.411914,Techspace,52.503477352193336,13.40806481684349,Coworking Space
319,Kreuzberg,52.4976443,13.411914,Ada Health,52.5024699701382,13.420944568468455,Tech Startup
320,Kreuzberg,52.4976443,13.411914,TLGG Weltraum,52.496388358048954,13.422531497328993,Conference Room
321,Kreuzberg,52.4976443,13.411914,und konsorten,52.503327,13.419285,Office
322,Kreuzberg,52.4976443,13.411914,TLGG Coffee Corner,52.496354105489885,13.42249553442672,Corporate Coffee Shop
323,Kreuzberg,52.4976443,13.411914,The Café,52.5018341406429,13.411389690120787,Café
324,Kreuzberg,52.4976443,13.411914,Morressier,52.495447,13.396269,Tech Startup
325,Kreuzberg,52.4976443,13.411914,Werbeboten Media HQ,52.495369990221505,13.426713731594257,Office
326,Kreuzberg,52.4976443,13.411914,Ausschnitt Medienbeobachtung,52.49085329886661,13.40202808118241,Office
327,Kreuzberg,52.4976443,13.411914,IXDS,52.496714,13.422814,Office
328,Kreuzberg,52.4976443,13.411914,Wunderdog GmbH,52.494970714306376,13.421248197555542,Office
329,Kreuzberg,52.4976443,13.411914,Büro Webkid,52.50081730476086,13.422177879536077,Tech Startup
330,Kreuzberg,52.4976443,13.411914,co.up community space,52.50038709235315,13.419602752548586,Event Space
331,Kreuzberg,52.4976443,13.411914,European Patent Office,52.49835548299355,13.398518573008904,Office
332,Kreuzberg,52.4976443,13.411914,Clue,52.50044672415535,13.419259333593093,Tech Startup
333,Kreuzberg,52.4976443,13.411914,Blackbit digital Commerce GmbH,52.493727,13.422132,Advertising Agency
334,Kreuzberg,52.4976443,13.411914,Architonic,52.503872,13.420059,Office
335,Kreuzberg,52.4976443,13.411914,Etventure Gmbh,52.502277,13.40785,Tech Startup
336,Kreuzberg,52.4976443,13.411914,wavespace,52.502961,13.408078,Office
337,Kreuzberg,52.4976443,13.411914,Dunnhumby Berlin,52.496616,13.422736,Office
338,Kreuzberg,52.4976443,13.411914,Ultimate.ai,52.50213,13.411644,Office
339,Kreuzberg,52.4976443,13.411914,peix digital,52.502563,13.420916,Advertising Agency
340,Kreuzberg,52.4976443,13.411914,unit-berlin architecture & corporate design,52.50285597884277,13.406826993484776,Office
341,Kreuzberg,52.4976443,13.411914,Startup Guide,52.503495,13.419441,Office
342,Kreuzberg,52.4976443,13.411914,Bloom Labs GmbH,52.503979,13.40785,Office
343,Kreuzberg,52.4976443,13.411914,Studio TheGreenEyl,52.502727,13.407634,Design Studio
344,Kreuzberg,52.4976443,13.411914,red pineapple media,52.500249,13.419441,Tech Startup
345,Kreuzberg,52.4976443,13.411914,Happy Tuesday,52.503981089946194,13.419885114308101,Office
346,Kreuzberg,52.4976443,13.411914,Inkitt HQ,52.492689,13.423719,Tech Startup
347,Kreuzberg,52.4976443,13.411914,AERTicket AG,52.49016958574143,13.42252559164626,Office
348,Kreuzberg,52.4976443,13.411914,Grid Singularity,52.494438,13.423228,Tech Startup
349,Kreuzberg,52.4976443,13.411914,foo bar,52.50207140121801,13.411162495294477,Corporate Coffee Shop
350,Kreuzberg,52.4976443,13.411914,Outfittery,52.5033228861776,13.417901666049655,Office
351,Kreuzberg,52.4976443,13.411914,Rheingau Founders,52.500597,13.421123,Tech Startup
352,Kreuzberg,52.4976443,13.411914,EyeEm HQ,52.49707615950901,13.4187695700094,Tech Startup
353,Kreuzberg,52.4976443,13.411914,The Family,52.505579,13.422018,Office
354,Kreuzberg,52.4976443,13.411914,idealo internet HQ,52.50169693906978,13.411861722772667,Tech Startup
355,Kreuzberg,52.4976443,13.411914,Blogfabrik,52.49980790459495,13.42093250993823,Coworking Space
356,Kreuzberg,52.4976443,13.411914,Spark Networks,52.49712998811836,13.419029232161307,Office
357,Kreuzberg,52.4976443,13.411914,Contentful,52.50196062663019,13.411201741689183,Tech Startup
358,Kreuzberg,52.4976443,13.411914,Heimat Werbeagentur,52.50201134912947,13.414634597541852,Advertising Agency
359,Kreuzberg,52.4976443,13.411914,Jung von Matt/Spree,52.48978130548939,13.410230699426137,Advertising Agency
360,Kreuzberg,52.4976443,13.411914,evenly HQ,52.500337048569975,13.425081651523898,Tech Startup
361,Prenzlauer Berg,52.5398466,13.4285652,Laika Communications GmbH,52.541823,13.425462,Advertising Agency
362,Prenzlauer Berg,52.5398466,13.4285652,Digital Audionetworx,52.531516,13.423124,Office
363,Prenzlauer Berg,52.5398466,13.4285652,BauerAGENCY,52.545004,13.423059,Coworking Space
364,Prenzlauer Berg,52.5398466,13.4285652,AgProp GmbH,52.53295739983798,13.439018568933767,Advertising Agency
365,Prenzlauer Berg,52.5398466,13.4285652,Prisma HQ,52.540365,13.42348,Tech Startup
366,Prenzlauer Berg,52.5398466,13.4285652,Carat 24 Immobilien GmbH,52.53523544807443,13.41987754552231,Real Estate Office
367,Prenzlauer Berg,52.5398466,13.4285652,Suhrkamp Verlag AG,52.54323059995997,13.414111005013721,Office
368,Prenzlauer Berg,52.5398466,13.4285652,Wonder - Woman's Coworking,52.54188,13.4253645,Coworking Space
369,Prenzlauer Berg,52.5398466,13.4285652,artop GmbH,52.53608700875232,13.424141315820375,Office
370,Prenzlauer Berg,52.5398466,13.4285652,ORT Studios Berlin GmbH,52.538698,13.413451,Office
371,Prenzlauer Berg,52.5398466,13.4285652,Othoz,52.540319,13.413408,Office
372,Prenzlauer Berg,52.5398466,13.4285652,Shutterstock Berlin,52.53247472095496,13.426895420892121,Office
373,Prenzlauer Berg,52.5398466,13.4285652,COMO HQ,52.53111,13.431594,Office
374,Prenzlauer Berg,52.5398466,13.4285652,PubNative,52.532403005334984,13.426676988601685,Tech Startup
375,Prenzlauer Berg,52.5398466,13.4285652,Monomango,52.532036,13.42903,Office
376,Prenzlauer Berg,52.5398466,13.4285652,Mediaplanet,52.543056,13.41415,Office
377,Prenzlauer Berg,52.5398466,13.4285652,Elinvar,52.533201,13.423856,Tech Startup
378,Prenzlauer Berg,52.5398466,13.4285652,7Mind,52.544354,13.420598,Tech Startup
379,Prenzlauer Berg,52.5398466,13.4285652,EDITION F,52.535607393430084,13.429498672485352,Office
380,Prenzlauer Berg,52.5398466,13.4285652,Chargery GmbH,52.537556,13.426525,Tech Startup
381,Prenzlauer Berg,52.5398466,13.4285652,exigo capital GmbH,52.542765,13.423478,Office
382,Prenzlauer Berg,52.5398466,13.4285652,Careship,52.531953,13.427915,Tech Startup
383,Prenzlauer Berg,52.5398466,13.4285652,Werkstatt,52.54591714802311,13.425446862330329,Office
384,Prenzlauer Berg,52.5398466,13.4285652,Searchmetrics HQ,52.5321888323569,13.427207640938022,Tech Startup
385,Prenzlauer Berg,52.5398466,13.4285652,Office Club Berlin Prenzlauer Berg,52.54312744063271,13.414187261857068,Coworking Space
386,Prenzlauer Berg,52.5398466,13.4285652,Gastrofix,52.532943,13.426532,Tech Startup
387,Prenzlauer Berg,52.5398466,13.4285652,Seven Senders,52.53059,13.424783,Tech Startup
388,Prenzlauer Berg,52.5398466,13.4285652,CosmoCode,52.534172856457275,13.423596933946738,Office
389,Prenzlauer Berg,52.5398466,13.4285652,Raisin,52.531421,13.425166,Tech Startup
390,Prenzlauer Berg,52.5398466,13.4285652,baseline communication Gmbh,52.53369233838959,13.42401831960244,Office
391,Prenzlauer Berg,52.5398466,13.4285652,hauserpartner,52.531446,13.430514,Office
392,Prenzlauer Berg,52.5398466,13.4285652,Formlabs GmbH,52.53216544725175,13.427300021712526,Office
393,Prenzlauer Berg,52.5398466,13.4285652,Eckbüro & Lohnsteuerhilfeverein-Gemeinschaft für Arbeitnehmer e. V.,52.53425,13.4253,Office
394,Prenzlauer Berg,52.5398466,13.4285652,madvertise Media Gmbh,52.542789459228516,13.413900375366211,Tech Startup
395,Prenzlauer Berg,52.5398466,13.4285652,Home24,52.5322642092526,13.42703641462432,Tech Startup
396,Prenzlauer Berg,52.5398466,13.4285652,Onefootball HQ,52.53242258479098,13.426162004470825,Tech Startup
397,Prenzlauer Berg,52.5398466,13.4285652,König Wie Kaiser,52.5427958544393,13.437182341656102,Office
398,Prenzlauer Berg,52.5398466,13.4285652,Li-Lo-He 9,52.53171961341255,13.435106481233198,Office
399,Prenzlauer Berg,52.5398466,13.4285652,compero AG,52.532197557122046,13.431600846166853,Office
400,Prenzlauer Berg,52.5398466,13.4285652,GameDuell Office,52.532108708139404,13.427515402907174,Office
401,Prenzlauer Berg,52.5398466,13.4285652,Salonmeister,52.53730352704821,13.419158289692032,Tech Startup
402,Prenzlauer Berg,52.5398466,13.4285652,GetYourGuide Germany,52.54393409912013,13.44054400920868,Office
403,Prenzlauer Berg,52.5398466,13.4285652,Mister Spex Office,52.5436832873744,13.441100761748277,Office
404,Prenzlauer Berg,52.5398466,13.4285652,Motor,52.530055,13.4336191,Office
405,Prenzlauer Berg,52.5398466,13.4285652,CEMVOGT CONSULTING (C5T.CO) HQ,52.543144218267884,13.41424385311618,Office
406,Weissensee,52.5546193,13.4630018,BVG Betriebshof Weißensee,52.55718753497381,13.466857547300805,Coworking Space
407,Weissensee,52.5546193,13.4630018,e-pixler,52.54947183879702,13.46654304163397,Tech Startup
408,Weissensee,52.5546193,13.4630018,BL Food Trading,52.561881,13.472082,Office
409,Weissensee,52.5546193,13.4630018,Techniker Krankenkasse,52.550293,13.459427022362624,Office
410,Weissensee,52.5546193,13.4630018,USUMA GmbH,52.549514,13.457683,Tech Startup
411,Weissensee,52.5546193,13.4630018,Webraumfahrer,52.549352,13.457041,Tech Startup
412,Weissensee,52.5546193,13.4630018,MARKETING://DEALER,52.545514,13.456812,Office
413,Weissensee,52.5546193,13.4630018,intive Kupferwerk,52.5479,13.451216,Office
414,Weissensee,52.5546193,13.4630018,Pils corp. Germany,52.556818949792344,13.458746458083283,Office
415,Weissensee,52.5546193,13.4630018,Karlus Steuerbüro,52.55629302742501,13.459157661547676,Office
416,Weissensee,52.5546193,13.4630018,ELWAS GmbH,52.549552,13.456788,Office
417,Weissensee,52.5546193,13.4630018,berlincoming - eventkoordination I guestrelation,52.55989048664391,13.4707510471344,Office
418,Weissensee,52.5546193,13.4630018,We Like That HQ Berlin,52.55141210172278,13.45555420285009,Office
419,Weissensee,52.5546193,13.4630018,virtualnights:media,52.549166195685586,13.45452850664547,Office
420,Weissensee,52.5546193,13.4630018,"Abgeordnetenbüro Stefanie Remlinger, MdA",52.546875,13.453312,Campaign Office
421,Weissensee,52.5546193,13.4630018,puls models,52.54810580177256,13.453954457206152,Office
422,Weissensee,52.5546193,13.4630018,elternforen.de Unternehmenszentrale,52.560816599999995,13.4773622,Office
423,Weissensee,52.5546193,13.4630018,ModernBeauty Unternehmenszentrale,52.56069564819336,13.477779388427734,Coworking Space
424,Weissensee,52.5546193,13.4630018,Navitas,52.561522,13.467611,Tech Startup
425,Blankenburg,52.593211,13.4541825,Aveon GmbH,52.59346798876833,13.450228901915418,Office
426,Blankenburg,52.593211,13.4541825,Nestor Services GmbH,52.59358597544796,13.450909086953853,Office
427,Blankenburg,52.593211,13.4541825,Modeinstitut Berlin GmbH,52.5940188730136,13.440896475738205,Office
428,Blankenburg,52.593211,13.4541825,GETEQ,52.59141118307287,13.447344610695664,Office
429,Blankenburg,52.593211,13.4541825,Optris,52.594704,13.438354,Office
430,Blankenburg,52.593211,13.4541825,Sonnenenschein Jobs,52.59680714401587,13.441672535725315,Coworking Space
431,Heinersdorf,52.5728248,13.4370149,DB Netz AG,52.57245083202044,13.42703104019165,Office
432,Heinersdorf,52.5728248,13.4370149,DB Casino,52.57211176298379,13.42752456665039,Corporate Cafeteria
433,Heinersdorf,52.5728248,13.4370149,Ilja Grzeskowitz - Motivation zur Veränderung,52.56778662179419,13.435620212099533,Office
434,Heinersdorf,52.5728248,13.4370149,Bedienraum 2,52.571448,13.42252,Tech Startup
435,Heinersdorf,52.5728248,13.4370149,HQ GeneTalk,52.570752,13.423026,Tech Startup
436,Karow,52.6150868,13.4862758,Leuendorff & Co.,52.614987756818564,13.48552297298611,Office
437,Karow,52.6150868,13.4862758,Wolter & Partner Immobilienges. bR,52.617637,13.484095,Office
438,Karow,52.6150868,13.4862758,Matzelworkz Office,52.618879,13.486433349999999,Office
439,Stadtrandsiedlung Malchow,52.5710194,13.4632849,Navitas,52.561522,13.467611,Tech Startup
440,Pankow,52.59766255,13.436351401882,Modeinstitut Berlin GmbH,52.5940188730136,13.440896475738205,Office
441,Pankow,52.59766255,13.436351401882,Aveon GmbH,52.59346798876833,13.450228901915418,Office
442,Pankow,52.59766255,13.436351401882,Druckerei Humburg,52.59055816212749,13.427708134427029,Office
443,Pankow,52.59766255,13.436351401882,Optris,52.594704,13.438354,Office
444,Pankow,52.59766255,13.436351401882,SWP Finanzen,52.598555675196586,13.428671299320419,Office
445,Pankow,52.59766255,13.436351401882,40Bits HQ,52.595071,13.428088,Tech Startup
446,Pankow,52.59766255,13.436351401882,Steuerbüro Bindernagel,52.590292872338736,13.431070491127752,Office
447,Pankow,52.59766255,13.436351401882,GETEQ,52.59141118307287,13.447344610695664,Office
448,Pankow,52.59766255,13.436351401882,Sonnenenschein Jobs,52.59680714401587,13.441672535725315,Coworking Space
449,Buch,52.6366724,13.4999292,BKK VBU,52.635314,13.495352,Office
450,Buch,52.6366724,13.4999292,Eckert & Ziegler,52.62800557564395,13.501563941791247,Office
451,Französisch Buchholz,52.6105131,13.4281104,HomeOffice,52.610479,13.41849,Office
452,Französisch Buchholz,52.6105131,13.4281104,The Story Of - Dreamfactory Headquarter,52.611066,13.419086,Tech Startup
453,Französisch Buchholz,52.6105131,13.4281104,Drucker,52.610546,13.418608,Office
454,Französisch Buchholz,52.6105131,13.4281104,Je-Ti Hausmeisterdienst,52.607094,13.425,Conference Room
455,Niederschönhausen,52.5858062,13.401397,net-haus GmbH,52.58414,13.402896,Office
456,Niederschönhausen,52.5858062,13.401397,helpten,52.581309495152915,13.404644402001216,Office
457,Niederschönhausen,52.5858062,13.401397,K3 Planungsgesellschaft mbH,52.5823355541812,13.395652234311738,Office
458,Niederschönhausen,52.5858062,13.401397,CANBOX GmbH,52.579764,13.396106,Office
459,Niederschönhausen,52.5858062,13.401397,VVO-Consult II,52.58269,13.411141,Office
460,Niederschönhausen,52.5858062,13.401397,emerge mag HQ,52.582481,13.411479,Office
461,Niederschönhausen,52.5858062,13.401397,tryst Beratungs- und Beteiligungs Gesellschaft mbH,52.579806,13.396194,Office
462,Niederschönhausen,52.5858062,13.401397,hotheaven AG,52.57987709038252,13.396271467208862,Office
463,Niederschönhausen,52.5858062,13.401397,alphasound,52.59064,13.414944,Office
464,Niederschönhausen,52.5858062,13.401397,ProBaStor,52.587085562094025,13.41645887007857,Tech Startup
465,Rosenthal,52.5983189,13.3755194,WWL,52.59355131005865,13.379331710002184,Office
466,Wilhelmsruh,52.5880115,13.3622059,IPG Büro Berlin,52.58495110808966,13.3652178803555,Office
467,Wilhelmsruh,52.5880115,13.3622059,Pankow Park STADLER,52.59037836645791,13.35799730871832,Office
468,Wilhelmsruh,52.5880115,13.3622059,VISUS Berlin,52.589906,13.352218,Office
469,Wilhelmsruh,52.5880115,13.3622059,Mostek Import Export GmbH,52.58378201219897,13.35562,Office
470,Wilhelmsruh,52.5880115,13.3622059,Vattenfall Europe Information Services,52.58252079389459,13.364000852156803,Office
471,Wilhelmsruh,52.5880115,13.3622059,Alstom Power Service GmbH,52.5870918744564,13.355665504932404,Office
472,Wilhelmsruh,52.5880115,13.3622059,gegessenwirdimmer,52.586641,13.354863,Tech Startup
473,Wilhelmsruh,52.5880115,13.3622059,Bürgeramt Märkisches Viertel,52.59790818744091,13.352257031738304,Office
474,Wilhelmsruh,52.5880115,13.3622059,mfe. Event Coach,52.585213,13.364109,Advertising Agency
475,Charlottenburg,52.515747,13.3096834,Staatsballett Berlin,52.51173443643776,13.307943099708327,Office
476,Charlottenburg,52.515747,13.3096834,MBition,52.519817,13.319184,Office
477,Charlottenburg,52.515747,13.3096834,Stayfriends,52.51730466452849,13.327368192466126,Office
478,Charlottenburg,52.515747,13.3096834,DAI-Labor Kitchen,52.513132405486,13.320191135040387,Corporate Cafeteria
479,Charlottenburg,52.515747,13.3096834,Carmeq (Salzufer),52.516793,13.327089,Office
480,Charlottenburg,52.515747,13.3096834,Eight Floors,52.517126773405465,13.324175302848925,Office
481,Charlottenburg,52.515747,13.3096834,Bosch Service Solutions,52.509867793201174,13.299250602722168,Office
482,Charlottenburg,52.515747,13.3096834,Myhammer HQ,52.517994,13.32481,Tech Startup
483,Charlottenburg,52.515747,13.3096834,Publicis Pixelpark,52.504771054379795,13.313070347213188,Advertising Agency
484,Charlottenburg,52.515747,13.3096834,Deutsche Bundesbank,52.51252601930838,13.314852819009142,Bank
485,Charlottenburg,52.515747,13.3096834,Medical Fly GmbH,52.51670174205467,13.303604167412976,Office
486,Charlottenburg,52.515747,13.3096834,Strato AG,52.52421855289961,13.322424534802419,Office
487,Charlottenburg,52.515747,13.3096834,T-Labs Sputnik,52.51295563776366,13.321709452390644,Conference Room
488,Charlottenburg,52.515747,13.3096834,Strato Customer Service GmbH,52.524041,13.321502,Office
489,Charlottenburg,52.515747,13.3096834,Haus der Wirtschaft,52.511562736056966,13.317870492931142,Trade School
490,Charlottenburg,52.515747,13.3096834,Radio ENERGY,52.51111975702141,13.322702311833666,Radio Station
491,Charlottenburg,52.515747,13.3096834,EIT Digital Co-Location Center Berlin,52.51280664823294,13.320082026141598,Office
492,Charlottenburg,52.515747,13.3096834,GRAVIS Zentrale,52.51395786124593,13.320760227178534,Office
493,Charlottenburg,52.515747,13.3096834,Spree One,52.51988,13.319568,Office
494,Charlottenburg,52.515747,13.3096834,Barkow Leibinger Architekten,52.51006,13.310718,Office
495,Charlottenburg,52.515747,13.3096834,Testo Se & Co. Kgaa Software Solution Center Berlin,52.518264,13.324721,Office
496,Charlottenburg,52.515747,13.3096834,Candor Beratungsgesellschaft mbH,52.516581,13.305703,Office
497,Charlottenburg,52.515747,13.3096834,Robert Bosch GmbH,52.51078849036716,13.299572467803953,Office
498,Charlottenburg,52.515747,13.3096834,Mobility Media,52.50997165674249,13.29966620696587,Tech Startup
499,Charlottenburg,52.515747,13.3096834,DAI Büro Systemtechnik,52.51277996860409,13.320599341375567,Tech Startup
500,Charlottenburg,52.515747,13.3096834,Kantine im Atrium,52.525842214915656,13.314238911189138,Corporate Cafeteria
501,Charlottenburg,52.515747,13.3096834,Eins - Centre For Entrepreneurship Der Tu Berlin,52.512156,13.323076,College Technology Building
502,Charlottenburg,52.515747,13.3096834,ORACLE Deutschland,52.516441,13.327117,Office
503,Charlottenburg,52.515747,13.3096834,"gmp Architekten von Gerkan, Marg und Partner",52.511144798210196,13.322695618807826,Office
504,Charlottenburg,52.515747,13.3096834,Crealytics,52.518059,13.323875,Tech Startup
505,Charlottenburg,52.515747,13.3096834,Weber EMEA HQ,52.51925,13.324785,Office
506,Charlottenburg,52.515747,13.3096834,gmp arkitekten,52.511121,13.322782,Office
507,Charlottenburg,52.515747,13.3096834,Market Logic Software AG,52.518417,13.325564,Office
508,Charlottenburg,52.515747,13.3096834,Telekom Innovation Laboratories (T-Labs),52.51286289524229,13.32026983019158,Office
509,Charlottenburg,52.515747,13.3096834,Berlin Economics,52.509917,13.298535,Office
510,Charlottenburg,52.515747,13.3096834,Deutscher Tonkünstlerverband,52.509383,13.301161,Office
511,Charlottenburg,52.515747,13.3096834,Spes TEL1314,52.51278370650144,13.320738444036936,Conference Room
512,Charlottenburg,52.515747,13.3096834,GRAVIS Muhammad Ali,52.513748124494704,13.321033378083197,Conference Room
513,Charlottenburg,52.515747,13.3096834,IAV GmbH Berlin,52.52323374838892,13.320384862226774,Office
514,Charlottenburg,52.515747,13.3096834,T-Systems International GmbH,52.52316897471485,13.321567045388791,Office
515,Charlottenburg,52.515747,13.3096834,ProvenExpert.com | Expert Systems AG,52.522972,13.314667,Tech Startup
516,Charlottenburg,52.515747,13.3096834,Carmeq,52.52347963256728,13.320001412190502,Office
517,Charlottenburg,52.515747,13.3096834,MetaHaus,52.50474417305348,13.313136162939383,Coworking Space
518,Charlottenburg,52.515747,13.3096834,Erfolgsritter,52.50857555059148,13.314935986906432,Office
519,Charlottenburg,52.515747,13.3096834,Ferchau Engineering GmbH,52.523724,13.321978,Office
520,Charlottenburg,52.515747,13.3096834,EW 214,52.510416,13.324153,Coworking Space
521,Charlottenburg,52.515747,13.3096834,Conversion One GmbH,52.510987,13.298168,Tech Startup
522,Charlottenburg,52.515747,13.3096834,MetaDesign,52.504771965671345,13.313321511440165,Office
523,Wilmersdorf,52.4871152,13.3203298,Vestas Deutschland GmbH (Niederlassung Berlin),52.486638,13.321001,Office
524,Wilmersdorf,52.4871152,13.3203298,ITDZ,52.48647254881455,13.31849518734285,Office
525,Wilmersdorf,52.4871152,13.3203298,Cornelsen Verlag Haus 2,52.48365042141881,13.319832942405892,Office
526,Wilmersdorf,52.4871152,13.3203298,MOVACT,52.4890543042318,13.321078903797355,Tech Startup
527,Wilmersdorf,52.4871152,13.3203298,Deutsche Rentenversicherung Bund,52.49187169010567,13.312112332566468,Office
528,Wilmersdorf,52.4871152,13.3203298,Drees & Sommer,52.487880136365234,13.330804845360822,Office
529,Wilmersdorf,52.4871152,13.3203298,Simplify Berlin,52.49344,13.323852,Office
530,Wilmersdorf,52.4871152,13.3203298,Deutsche Rentenversicherung Bund,52.49118706961356,13.309579580536232,Office
531,Wilmersdorf,52.4871152,13.3203298,DRV Bund Wallenbergstrasse,52.483198,13.311607,Office
532,Wilmersdorf,52.4871152,13.3203298,HAVANA Club,52.484475659591425,13.308241946723562,Office
533,Wilmersdorf,52.4871152,13.3203298,Franell Consulting GmbH,52.493918,13.319852,Office
534,Wilmersdorf,52.4871152,13.3203298,D&CO,52.483183129062084,13.319660268040336,Office
535,Wilmersdorf,52.4871152,13.3203298,PayPal CS Center Wilmersdorf,52.48636196618185,13.329210102330563,Office
536,Wilmersdorf,52.4871152,13.3203298,Happold Ingenieurbüro,52.489517,13.321962,Coworking Space
537,Wilmersdorf,52.4871152,13.3203298,DRV Bund Logistikzentrum,52.49059852392944,13.304796729008768,Distribution Center
538,Wilmersdorf,52.4871152,13.3203298,Eurotax Steuerberatung,52.48763624106517,13.33073319868987,Office
539,Wilmersdorf,52.4871152,13.3203298,digitaleheimat GmbH,52.493453131884365,13.32335081728222,Office
540,Wilmersdorf,52.4871152,13.3203298,Kulturabteilung der Botschaft Saudi Arabien,52.49431307933809,13.330938680341745,Embassy / Consulate
541,Wilmersdorf,52.4871152,13.3203298,Schottler & Simon GmbH,52.491922933921124,13.317850949914613,Office
542,Wilmersdorf,52.4871152,13.3203298,Existentia Unternehmensberatung,52.49054005361178,13.323062182864335,Office
543,Wilmersdorf,52.4871152,13.3203298,ISSP Energy GmbH,52.496309,13.323019,Office
544,Wilmersdorf,52.4871152,13.3203298,LAB e.V.,52.490817,13.3332,Office
545,Wilmersdorf,52.4871152,13.3203298,Berliner Wasserbetriebe,52.488804880640224,13.304804000730043,Office
546,Wilmersdorf,52.4871152,13.3203298,LOOKMAG Redaktion,52.49741510048347,13.324259863044363,Tech Startup
547,Wilmersdorf,52.4871152,13.3203298,Qiez,52.49265280777363,13.331225539033122,Tech Startup
548,Wilmersdorf,52.4871152,13.3203298,CarJump,52.49484606406774,13.32370863310719,Tech Startup
549,Wilmersdorf,52.4871152,13.3203298,Cornelsen Verlag Haus 3,52.488432,13.322327,Office
550,Wilmersdorf,52.4871152,13.3203298,T+R Dialog,52.48655595686793,13.315942595593917,Office
551,Wilmersdorf,52.4871152,13.3203298,Lumani 10.7 GmbH,52.4954550658869,13.318434812752388,Office
552,Wilmersdorf,52.4871152,13.3203298,MacCreative,52.47735111191565,13.321832390776484,Office
553,Wilmersdorf,52.4871152,13.3203298,BANKINGCLUB,52.49338318996514,13.32280337063615,Office
554,Wilmersdorf,52.4871152,13.3203298,ES und BT Gerüstbau,52.482469,13.31798,Office
555,Wilmersdorf,52.4871152,13.3203298,die eventagenten,52.49362765778269,13.324605325153051,Office
556,Wilmersdorf,52.4871152,13.3203298,What's Your Game? Office,52.48147656006956,13.324387418594963,Office
557,Wilmersdorf,52.4871152,13.3203298,Impuls AG Berlin I,52.4880337940829,13.330716885695846,Office
558,Wilmersdorf,52.4871152,13.3203298,Springer Science+Business Media,52.478537389627334,13.311750653451165,Office
559,Wilmersdorf,52.4871152,13.3203298,The Office,52.48713725166705,13.330744788901,Coworking Space
560,Wilmersdorf,52.4871152,13.3203298,Gold Inn Headquarter,52.48769610801039,13.330345597640077,Coworking Space
561,Wilmersdorf,52.4871152,13.3203298,RBB,52.49043707431892,13.303871715812301,Office
562,Wilmersdorf,52.4871152,13.3203298,Mönning & Georg Imsolvenzverwaltung,52.49520151741059,13.319099421051884,Office
563,Wilmersdorf,52.4871152,13.3203298,FAZIT Marketing,52.49509,13.324682,Office
564,Wilmersdorf,52.4871152,13.3203298,guido consmuller Steuerberater,52.49620819091797,13.32459545135498,Campaign Office
565,Wilmersdorf,52.4871152,13.3203298,niiu - office,52.479197,13.3102,Tech Startup
566,Schmargendorf,52.4789022,13.2929962,hypr,52.4738638640421,13.29599242271003,Office
567,Schmargendorf,52.4789022,13.2929962,Güntsche & Partner Kanzlei,52.483298,13.280835,Office
568,Schmargendorf,52.4789022,13.2929962,Deloitte Digital Studio,52.48620756974179,13.29814085830449,Design Studio
569,Schmargendorf,52.4789022,13.2929962,Bodenkontor Liegenschaften,52.483055,13.292403,Office
570,Schmargendorf,52.4789022,13.2929962,Arena Synchron,52.485635325411984,13.299454251955574,Office
571,Schmargendorf,52.4789022,13.2929962,McPaper AG,52.485681160005754,13.297491073608398,Office
572,Schmargendorf,52.4789022,13.2929962,Deloitte Analytics Institute,52.485798761562414,13.297619819641113,Office
573,Schmargendorf,52.4789022,13.2929962,Miss Golightly's Office,52.473486,13.291065,Office
574,Schmargendorf,52.4789022,13.2929962,Serfides,52.47912287241903,13.286471676305286,Conference Room
575,Schmargendorf,52.4789022,13.2929962,Cornelsen Verlag Haus 5,52.47939101571852,13.304099,Office
576,Schmargendorf,52.4789022,13.2929962,Deutsche Wohnen AG,52.475523974784046,13.30495774912828,Office
577,Schmargendorf,52.4789022,13.2929962,Feimann Engineering,52.4807618531555,13.285367735811375,Office
578,Schmargendorf,52.4789022,13.2929962,ICUnet.AG,52.48676,13.297322,Office
579,Schmargendorf,52.4789022,13.2929962,OPAL Filmproduktion,52.48592493599547,13.2970394924847,Office
580,Schmargendorf,52.4789022,13.2929962,Cornelsen Verlag,52.47417235299786,13.300050389890629,Office
581,Schmargendorf,52.4789022,13.2929962,BSR Kantine,52.47964059060091,13.309013843536377,Corporate Cafeteria
582,Schmargendorf,52.4789022,13.2929962,Die Wohnkompanie,52.476895,13.30553,Office
583,Schmargendorf,52.4789022,13.2929962,Rolf Budde Musikverlag,52.48675262923766,13.297834396362305,Office
584,Schmargendorf,52.4789022,13.2929962,Malta-Tours.de,52.475166,13.291982,Office
585,Schmargendorf,52.4789022,13.2929962,VERKA Kirchliche Pensionskasse VVaG,52.474031,13.286772,Office
586,Schmargendorf,52.4789022,13.2929962,SourcePark,52.485229,13.296688,Office
587,Schmargendorf,52.4789022,13.2929962,tv-connexion GmbH,52.48357081196343,13.282417058944702,Office
588,Schmargendorf,52.4789022,13.2929962,VDS HQ,52.487165,13.299791416666666,Office
589,Schmargendorf,52.4789022,13.2929962,De Russ Events,52.472657178084965,13.277022858109017,Office
590,Grunewald,52.4873475,13.2637538,BerlinPlakat,52.48730451734477,13.263623822140996,Office
591,Grunewald,52.4873475,13.2637538,HR Group,52.48977,13.267896,Office
592,Grunewald,52.4873475,13.2637538,Patrick Hellmann Schlosshotel,52.48019494524599,13.274417813491823,Hotel
593,Grunewald,52.4873475,13.2637538,Wissenschaftskolleg zu Berlin,52.491560614296944,13.276107442742516,Office
594,Grunewald,52.4873475,13.2637538,FLIGHTSIMTECH,52.48065903183165,13.273959828559835,Office
595,Grunewald,52.4873475,13.2637538,Patzer Verlag,52.48251243283219,13.262845092644152,Office
596,Grunewald,52.4873475,13.2637538,W.A.F. Werbegesellschaft mbH,52.48327457910311,13.260339132549332,Advertising Agency
597,Grunewald,52.4873475,13.2637538,Im Büro,52.481297576663486,13.263941506756474,Office
598,Grunewald,52.4873475,13.2637538,CK Hospitality Advisors,52.482595,13.269022,Coworking Space
599,Grunewald,52.4873475,13.2637538,RA Sorg,52.4825439453125,13.275723457336426,Office
600,Grunewald,52.4873475,13.2637538,Friends&Co,52.491875,13.282468,Office
601,Grunewald,52.4873475,13.2637538,NOCTUA Business Solutions Unternehmergesellschaft (haftungsbeschränkt),52.48974476484747,13.276505470275879,Office
602,Westend,52.5133992,13.2558416,Struktur hilft - im Alter - zu Hause -im Büro,52.51778,13.253935,Office
603,Westend,52.5133992,13.2558416,Entertainment Relations Berlin,52.51522741732994,13.244152133740965,Office
604,Westend,52.5133992,13.2558416,Jörg Heidemann Steuerberatungsgesellschaft mbH,52.513615,13.265024,Office
605,Westend,52.5133992,13.2558416,TOP Sportmarketing,52.517393,13.248996,Office
606,Westend,52.5133992,13.2558416,Sector 7 Digital Lab,52.5161068,13.2596873,Tech Startup
607,Westend,52.5133992,13.2558416,Online Now! GmbH,52.51131176405107,13.269086212211953,Office
608,Westend,52.5133992,13.2558416,Zepter und Krone GmbH,52.5079130613356,13.241550762660944,Office
609,Westend,52.5133992,13.2558416,webvitamin,52.51495785375141,13.261533991908538,Office
610,Westend,52.5133992,13.2558416,BGI Borchert GeoInfo,52.5165081342206,13.258395195007324,Office
611,Westend,52.5133992,13.2558416,Mad Skills HQ,52.51117736395835,13.263073394891732,Office
612,Westend,52.5133992,13.2558416,D+S Berlin,52.509222,13.263633,Office
613,Westend,52.5133992,13.2558416,office,52.52038275538906,13.245548529649009,Office
614,Westend,52.5133992,13.2558416,Continua Unternehmensentwicklung,52.510548,13.266528,Office
615,Westend,52.5133992,13.2558416,BDL,52.510586917083096,13.267700873203935,Office
616,Westend,52.5133992,13.2558416,CalPlus,52.509007,13.261284,Office
617,Westend,52.5133992,13.2558416,Strabag Residential Property Services,52.50901,13.263502,Office
618,Westend,52.5133992,13.2558416,NEWSTAND gGmbH Management Akademie Berlin,52.5094108581543,13.267647743225098,Office
619,Westend,52.5133992,13.2558416,begehungen.de GmbH,52.515711607437346,13.259714841842651,Office
620,Westend,52.5133992,13.2558416,alcanda HQ,52.50870435029436,13.240124270666412,Office
621,Westend,52.5133992,13.2558416,Sportjugend im LSB e.V.,52.519971076083245,13.24514082526027,Office
622,Westend,52.5133992,13.2558416,HerthaTV-Redaktion,52.51987362691926,13.24452817440033,Office
623,Westend,52.5133992,13.2558416,JT Touristik,52.52201930041054,13.260834020864108,Office
624,Westend,52.5133992,13.2558416,Henryk Gollasch Hausverwaltungen,52.517995,13.260392,Office
625,Westend,52.5133992,13.2558416,acropol,52.508982852252814,13.26383847840722,Office
626,Charlottenburg-Nord,52.5405253,13.2962663,si:kei's dev-zone,52.536787,13.29871,Tech Startup
627,Charlottenburg-Nord,52.5405253,13.2962663,Kantine,52.531765,13.298166,Corporate Cafeteria
628,Charlottenburg-Nord,52.5405253,13.2962663,Erda Berlin Office,52.540284,13.281967,Office
629,Charlottenburg-Nord,52.5405253,13.2962663,TNT,52.544387945824504,13.308148800598087,Office
630,Charlottenburg-Nord,52.5405253,13.2962663,Carl Zeiss Meditec,52.531988,13.298833,Office
631,Charlottenburg-Nord,52.5405253,13.2962663,UPG | PayCo,52.54285413283386,13.288735941596505,Tech Startup
632,Halensee,52.4972262,13.2929986,Young Digitals Berlin,52.49778689005191,13.293444314467225,Office
633,Halensee,52.4972262,13.2929986,quirin bank AG,52.49692401502804,13.287453729308742,Office
634,Halensee,52.4972262,13.2929986,IVD Berlin-Brandenburg,52.498479,13.295966,Office
635,Halensee,52.4972262,13.2929986,Bärlin Housing GmbH,52.49717991866909,13.291721264602225,Office
636,Halensee,52.4972262,13.2929986,UID Berlin,52.505396031748376,13.29973509581984,Office
637,Halensee,52.4972262,13.2929986,Flightright GmbH,52.505904,13.29813,Tech Startup
638,Halensee,52.4972262,13.2929986,Steuerberaterin Monika Kugel,52.498499,13.288949,Office
639,Halensee,52.4972262,13.2929986,tts Knowledge Products,52.497396726647786,13.309083776393358,Office
640,Halensee,52.4972262,13.2929986,Deutsche Telekom RTS,52.505161692464476,13.284566689401059,Conference Room
641,Halensee,52.4972262,13.2929986,Deutsche Rentenversicherung Bund Bildungsabteilung,52.49250605719657,13.298831007876927,Office
642,Halensee,52.4972262,13.2929986,Buchungsservice24 GmbH,52.50046657764749,13.292259324363014,Office
643,Halensee,52.4972262,13.2929986,Optimal Systems,52.491038,13.300738,Office
644,Halensee,52.4972262,13.2929986,TRINAVIS,52.498980882301865,13.302199594502424,Office
645,Halensee,52.4972262,13.2929986,Tradegate AG,52.49515810086396,13.285727700813883,Office
646,Halensee,52.4972262,13.2929986,myhandy,52.50182996033431,13.294784753111479,Office
647,Halensee,52.4972262,13.2929986,Roskos & Meier ohg Kurfürstendamm 150,52.49854652471465,13.300489476532242,Office
648,Halensee,52.4972262,13.2929986,Betriebszentrale S-Bahn Berlin,52.498602383397404,13.283768892288208,Office
649,Halensee,52.4972262,13.2929986,DRV Bund Logistikzentrum,52.49059852392944,13.304796729008768,Distribution Center
650,Halensee,52.4972262,13.2929986,Haase Personalberatung,52.4949,13.283027,Office
651,Halensee,52.4972262,13.2929986,Sunshine Smile HQ,52.505823,13.298395,Tech Startup
652,Halensee,52.4972262,13.2929986,synergie-effekt.net - agentur für online-kommunikation,52.496475604205045,13.296752183625756,Office
653,Halensee,52.4972262,13.2929986,Kantine Umweltbundesamt (UBA),52.492712530735766,13.282954332414112,Corporate Cafeteria
654,Halensee,52.4972262,13.2929986,Büro Lisa Paus,52.50612,13.29931,Campaign Office
655,Halensee,52.4972262,13.2929986,Ast & Howel,52.498032,13.307596,Office
656,Halensee,52.4972262,13.2929986,RPLAN,52.49815,13.307379,Office
657,Halensee,52.4972262,13.2929986,integr8,52.499960579941856,13.307464090270111,Office
658,Halensee,52.4972262,13.2929986,Deutsche Telekom Ag,52.505277,13.284549,Office
659,Halensee,52.4972262,13.2929986,Actano,52.49799278526529,13.307473322199664,Tech Startup
660,Halensee,52.4972262,13.2929986,Stadie Werbeagentur,52.497749077955504,13.293966191383989,Advertising Agency
661,Halensee,52.4972262,13.2929986,Druckerraum,52.505463,13.284276,Corporate Amenity
662,Halensee,52.4972262,13.2929986,Empfang Telekom,52.505178,13.284367,Corporate Amenity
663,Halensee,52.4972262,13.2929986,enterentertainment relations,52.495098138294054,13.284952079843531,Office
664,Halensee,52.4972262,13.2929986,Büros Gillweg,52.494814193469374,13.286217927013208,Coworking Space
665,Halensee,52.4972262,13.2929986,berlin_zentrale by Kathrin Koehler,52.505348914715,13.30171823501587,Office
666,Halensee,52.4972262,13.2929986,Hesign,52.49939,13.297747,Office
667,Halensee,52.4972262,13.2929986,Büro am Kudamm,52.4978623725999,13.297613362496245,Coworking Space
668,Halensee,52.4972262,13.2929986,LiquidBarStars,52.501946388929426,13.298542499542235,Office
669,Halensee,52.4972262,13.2929986,Chichili Agency Berlin,52.49757544144974,13.302998223466233,Coworking Space
670,Halensee,52.4972262,13.2929986,RBB,52.49043707431892,13.303871715812301,Office
671,Halensee,52.4972262,13.2929986,hww wienberg wilhelm,52.49745836288131,13.3082071221603,Office
672,Halensee,52.4972262,13.2929986,yoyo AG,52.50611625566356,13.297797232930526,Office
673,Halensee,52.4972262,13.2929986,Friends&Co,52.491875,13.282468,Office
674,Halensee,52.4972262,13.2929986,Nachrichtenbüro des Fünften Kanals (Sankt-Petersburg),52.497855,13.306221,Office
675,Halensee,52.4972262,13.2929986,bebeko,52.49778514009362,13.307615358685316,Office
676,Halensee,52.4972262,13.2929986,SKO Private Lounge,52.49787620238724,13.307704582196248,Coworking Space
677,Halensee,52.4972262,13.2929986,Arena RKD GmbH | Returbo.de,52.497872,13.307529,Tech Startup
678,Halensee,52.4972262,13.2929986,Zeerabbit GmbH,52.4974877370096,13.30795000063572,Tech Startup
679,Halensee,52.4972262,13.2929986,Netguru Berlin,52.506277,13.297459,Tech Startup
680,Schöneberg,52.482157,13.3551901,tuesday coworking - open monday to friday,52.483028508035346,13.35364580154419,Coworking Space
681,Schöneberg,52.482157,13.3551901,InfraLab Berlin,52.481842,13.357522,Office
682,Schöneberg,52.482157,13.3551901,DB Co.Lab,52.480939,13.3571,Coworking Space
683,Schöneberg,52.482157,13.3551901,Deutsche Bahn Connect GmbH,52.48206276986098,13.356390561000316,Office
684,Schöneberg,52.482157,13.3551901,koawach,52.483464,13.355135,Tech Startup
685,Schöneberg,52.482157,13.3551901,Geschäftsstelle Der Polonia,52.48175361537628,13.349697641842853,Office
686,Schöneberg,52.482157,13.3551901,Clean Tech World,52.483177,13.355152,Office
687,Schöneberg,52.482157,13.3551901,Beweiss,52.482984,13.355326,Office
688,Schöneberg,52.482157,13.3551901,Public Area,52.48669,13.355529,Coworking Space
689,Schöneberg,52.482157,13.3551901,Naumann Park,52.48126407005386,13.365423048297362,Office
690,Schöneberg,52.482157,13.3551901,Garamantis GmbH,52.481506,13.355981,Tech Startup
691,Schöneberg,52.482157,13.3551901,Ratskeller Schöneberg,52.48445447992936,13.344594927429146,Cafeteria
692,Schöneberg,52.482157,13.3551901,Forum Schöneberg,52.489403,13.358999,Campaign Office
693,Schöneberg,52.482157,13.3551901,MR WOLF Consulting,52.47863739988673,13.364680930748001,Tech Startup
694,Schöneberg,52.482157,13.3551901,Silent Mode Area,52.486546,13.356379,Coworking Space
695,Schöneberg,52.482157,13.3551901,Fbeta,52.486183,13.35554,Office
696,Schöneberg,52.482157,13.3551901,Kiezbüro - Bündnis 90/Die Grünen Tempelhof-Schöneberg,52.48588,13.362096,Campaign Office
697,Schöneberg,52.482157,13.3551901,Roof Up,52.486318337863686,13.355931818255598,Coworking Space
698,Schöneberg,52.482157,13.3551901,Berliner Bäderbetriebe,52.47808748521139,13.353134520472473,Office
699,Schöneberg,52.482157,13.3551901,Capital Bay GmbH,52.4783,13.354128,Office
700,Schöneberg,52.482157,13.3551901,Kath - Hasenfuß Recycling Gmbh,52.477368,13.35158,Office
701,Schöneberg,52.482157,13.3551901,State Studio,52.490305,13.35978,Office
702,Schöneberg,52.482157,13.3551901,Schneider Press Berlin,52.486907,13.347296,Office
703,Schöneberg,52.482157,13.3551901,Mcp Partners Berlin,52.48458,13.346535,Office
704,Schöneberg,52.482157,13.3551901,Formlabs Home Office,52.487831,13.353766,Tech Startup
705,Schöneberg,52.482157,13.3551901,Nikolay,52.481081538101954,13.347376037426853,Office
706,Schöneberg,52.482157,13.3551901,Atelier ©TOM,52.47944361969244,13.347099550571812,Office
707,Schöneberg,52.482157,13.3551901,YOUNECT GmbH,52.479515,13.347552,Office
708,Schöneberg,52.482157,13.3551901,Team Bose GmbH,52.48091745309928,13.34295478573927,Office
709,Schöneberg,52.482157,13.3551901,Guggolz Verlag,52.48485341365554,13.362417748387323,Tech Startup
710,Schöneberg,52.482157,13.3551901,Deutsches Institut für Bautechnik,52.48457812910813,13.369111794483132,Office
711,Schöneberg,52.482157,13.3551901,BCIX HQII,52.472131,13.365836,Office
712,Schöneberg,52.482157,13.3551901,Lokalpresse,52.478791,13.342806,Office
713,Schöneberg,52.482157,13.3551901,Berlin Startup Consulting - HQ Schöneberg,52.478854740545636,13.343265393055097,Tech Startup
714,Schöneberg,52.482157,13.3551901,Space Shack,52.48675642333172,13.355669058580279,Office
715,Schöneberg,52.482157,13.3551901,Langenscheidt Höfe,52.48960545005139,13.363645475859844,Office
716,Schöneberg,52.482157,13.3551901,Wahlkreiscontainer Notker Schweikhardt,52.490517,13.356584,Campaign Office
717,Schöneberg,52.482157,13.3551901,Blacklane,52.48482855115092,13.35713613819321,Tech Startup
718,Schöneberg,52.482157,13.3551901,TwoCom,52.486149,13.354603,Coworking Space
719,Schöneberg,52.482157,13.3551901,SITQ Systems,52.47706876207754,13.341597663037582,Office
720,Schöneberg,52.482157,13.3551901,MotioneyeFilm,52.489071878728645,13.348453044891357,Office
721,Schöneberg,52.482157,13.3551901,Ruska Martín Associates,52.48985515818835,13.363119811594773,Office
722,Schöneberg,52.482157,13.3551901,Kanzlei RA Eimer-Heuschmid-Mehle,52.47931,13.34259,Office
723,Schöneberg,52.482157,13.3551901,AIFG GmbH,52.489393,13.364057,Office
724,Schöneberg,52.482157,13.3551901,myToys HQ,52.490778723567885,13.360268700346227,Tech Startup
725,Friedenau,52.472075,13.3296424,netzwerk freier finanzberater Thomas Kliem GmbH & Co. KG,52.47549289592023,13.333216279525024,Financial or Legal Service
726,Friedenau,52.472075,13.3296424,Projektwerkstatt Teekampagne Stadtbüro Berlin,52.47251542635966,13.329769621492893,Office
727,Friedenau,52.472075,13.3296424,Schröder & Partner,52.4745,13.331632,Office
728,Friedenau,52.472075,13.3296424,TOYO Global Service,52.474191,13.330312,Office
729,Friedenau,52.472075,13.3296424,Rechtsanwälte Ibert & Paßmann Partnerschaftsgesellschaft,52.47131046772437,13.328514166177104,Office
730,Friedenau,52.472075,13.3296424,bkm,52.47650146484375,13.327617645263672,Office
731,Friedenau,52.472075,13.3296424,Vinyl 41 HQ,52.476756,13.324958,Office
732,Friedenau,52.472075,13.3296424,Techniker Krankenkasse,52.46840715408325,13.328315,Office
733,Friedenau,52.472075,13.3296424,IVU Traffic Technologies AG,52.46852733330221,13.327386649713095,Office
734,Friedenau,52.472075,13.3296424,Cryptozoic EU Office,52.476419,13.329792,Office
735,Friedenau,52.472075,13.3296424,Architekturbüro Block,52.47644828872773,13.328503219226416,Office
736,Friedenau,52.472075,13.3296424,complan,52.466962,13.330063,Office
737,Friedenau,52.472075,13.3296424,Luise& Karl Kautsky Haus,52.46781921386719,13.33582878112793,Office
738,Friedenau,52.472075,13.3296424,SDI Media,52.46758933806956,13.321240550192005,Office
739,Friedenau,52.472075,13.3296424,BIO COMPANY Verwaltung,52.46647849033437,13.330010175704956,Office
740,Friedenau,52.472075,13.3296424,netcare Berlin,52.47062,13.334596,Office
741,Friedenau,52.472075,13.3296424,Bodyliciouz Agency,52.464932632888456,13.322607278823853,Office
742,Friedenau,52.472075,13.3296424,Enoplan NL Berlin,52.474307,13.330987,Office
743,Friedenau,52.472075,13.3296424,Schöll AG,52.478320121561,13.340159619587244,Office
744,Friedenau,52.472075,13.3296424,W & Z Heizungstechnik,52.47678677779643,13.31969190671241,Office
745,Friedenau,52.472075,13.3296424,Berliner Mieterverein,52.465069679698,13.328418572699373,Office
746,Friedenau,52.472075,13.3296424,Architekturbüro FRC,52.465766,13.33129,Office
747,Friedenau,52.472075,13.3296424,Lokalpresse,52.478791,13.342806,Office
748,Friedenau,52.472075,13.3296424,Berlin Startup Consulting - HQ Schöneberg,52.478854740545636,13.343265393055097,Tech Startup
749,Friedenau,52.472075,13.3296424,stilanzeigen,52.47317176640746,13.339623286283793,Tech Startup
750,Friedenau,52.472075,13.3296424,Pflegekinder-Hilfe,52.46448671193877,13.326055069925069,Office
751,Friedenau,52.472075,13.3296424,Sozialpädagogische Praxis Langer,52.462715,13.326343,Office
752,Friedenau,52.472075,13.3296424,SnapEngage,52.46457610079867,13.325508483520588,Tech Startup
753,Friedenau,52.472075,13.3296424,Existenzgründerhilfe,52.481392,13.329685,Conference Room
754,Friedenau,52.472075,13.3296424,Wahlkreisbüro Dilek Kolat,52.470909118652344,13.333565711975098,Campaign Office
755,Friedenau,52.472075,13.3296424,Ellery Street,52.474996,13.32478,Office
756,Friedenau,52.472075,13.3296424,Goerz-Höfe,52.467008220687816,13.33016475124003,Office
757,Friedenau,52.472075,13.3296424,MacCreative,52.47735111191565,13.321832390776484,Office
758,Friedenau,52.472075,13.3296424,BLIC,52.466175,13.331479,Conference Room
759,Friedenau,52.472075,13.3296424,Gustav Kitzel GmbH & Co Kg,52.462703780053936,13.3273248774375,Office
760,Friedenau,52.472075,13.3296424,SITQ Systems,52.47706876207754,13.341597663037582,Office
761,Friedenau,52.472075,13.3296424,Kanzlei RA Eimer-Heuschmid-Mehle,52.47931,13.34259,Office
762,Friedenau,52.472075,13.3296424,What's Your Game? Office,52.48147656006956,13.324387418594963,Office
763,Friedenau,52.472075,13.3296424,S2M Seats 2 Meet,52.462852478027344,13.324828147888184,Coworking Space
764,Friedenau,52.472075,13.3296424,Anderson Holding AG,52.478894,13.342843,Office
765,Tempelhof,52.4632921,13.3864477,Carstensen,52.465435,13.385905,Office
766,Tempelhof,52.4632921,13.3864477,Krankenkasse DAK,52.46403654605765,13.385468954209045,Office
767,Tempelhof,52.4632921,13.3864477,DAK,52.46214585206885,13.385043153663485,Office
768,Tempelhof,52.4632921,13.3864477,Pop:Live Medien UG,52.4549382,13.3850386,Office
769,Tempelhof,52.4632921,13.3864477,commehr,52.45593806520525,13.382159547724626,Tech Startup
770,Tempelhof,52.4632921,13.3864477,AWD Direktionsbüro Steinhagen,52.46493,13.39722,Office
771,Tempelhof,52.4632921,13.3864477,Ozan75.de - Homebase,52.456651,13.388234,Office
772,Tempelhof,52.4632921,13.3864477,THE DRIVERY GMBH,52.453649,13.385163,Office
773,Tempelhof,52.4632921,13.3864477,caresyntax GmbH,52.45767,13.397157,Office
774,Tempelhof,52.4632921,13.3864477,Bosch IoT Campus,52.45403817624753,13.387019513517881,IT Services
775,Tempelhof,52.4632921,13.3864477,Steuerbüro D‘Heureuse,52.468065,13.378284,Office
776,Tempelhof,52.4632921,13.3864477,Vodafone Kabel Deutschland GmbH,52.464891655157935,13.395697767445442,Office
777,Tempelhof,52.4632921,13.3864477,Auerswald Steuerberater,52.466060704481855,13.386283654187066,Office
778,Tempelhof,52.4632921,13.3864477,L4 Institute for Digital Communication,52.45639334136836,13.388813,Office
779,Tempelhof,52.4632921,13.3864477,Magic Madia GmbH,52.466904,13.393238,Office
780,Tempelhof,52.4632921,13.3864477,Triumph Finanz GmbH,52.458843,13.381539,Office
781,Tempelhof,52.4632921,13.3864477,aap Implantate AG,52.45571843119091,13.388830036972818,Office
782,Tempelhof,52.4632921,13.3864477,Deutsche Telekom Netzproduktion,52.468863,13.375535,Office
783,Tempelhof,52.4632921,13.3864477,Intertempi,52.467979,13.391221,Coworking Space
784,Tempelhof,52.4632921,13.3864477,Stream Berlin,52.4575584405901,13.396534542942627,Office
785,Tempelhof,52.4632921,13.3864477,Ökofrost,52.453606,13.387505,Office
786,Tempelhof,52.4632921,13.3864477,Kunstrial,52.465728759765625,13.389838218688965,Tech Startup
787,Tempelhof,52.4632921,13.3864477,Wasserfuchs,52.465212,13.397275,Office
788,Tempelhof,52.4632921,13.3864477,Media Factory Berlin,52.46627748012543,13.394125699996948,Office
789,Tempelhof,52.4632921,13.3864477,Siegel Umzüge,52.460494354356086,13.37621936990536,Office
790,Tempelhof,52.4632921,13.3864477,WDBerlin,52.467752,13.391566,Office
791,Tempelhof,52.4632921,13.3864477,BSR Kantine,52.46880460136726,13.381426977929246,Corporate Cafeteria
792,Tempelhof,52.4632921,13.3864477,VIDEO WORLD HQ,52.46465944447813,13.399918454117437,Office
793,Tempelhof,52.4632921,13.3864477,Unfold Gaming,52.45572826484649,13.394399285316466,Office
794,Tempelhof,52.4632921,13.3864477,Customer Alliance,52.45343256369399,13.38724005888576,Office
795,Tempelhof,52.4632921,13.3864477,Hansetrans,52.455311386638684,13.395073224074961,Office
796,Tempelhof,52.4632921,13.3864477,Voxpark/Primacall,52.45342969894409,13.388587,Office
797,Tempelhof,52.4632921,13.3864477,Homebell,52.453686,13.388305,Tech Startup
798,Tempelhof,52.4632921,13.3864477,Computacenter,52.45331883013922,13.385346307901086,IT Services
799,Tempelhof,52.4632921,13.3864477,Primaholding,52.453779671379074,13.388027736848466,Office
800,Tempelhof,52.4632921,13.3864477,Stadtbote,52.4551557995797,13.395366167877318,Office
801,Tempelhof,52.4632921,13.3864477,DB Direkt,52.453446486815224,13.38508129119873,Office
802,Tempelhof,52.4632921,13.3864477,Deutsche Bank Service,52.453676,13.384899,Office
803,Tempelhof,52.4632921,13.3864477,Quality @ Stream,52.457528,13.396321,Coworking Space
804,Tempelhof,52.4632921,13.3864477,rlp.architekten,52.45626180375727,13.396484654565409,Coworking Space
805,Tempelhof,52.4632921,13.3864477,OMICRON Berlin,52.45551408600762,13.388934953639495,Office
806,Tempelhof,52.4632921,13.3864477,Kaufel GmbH & Co. KG,52.4536413215419,13.39199479841662,Office
807,Mariendorf,52.44008,13.3900277,Fahrzeugtechnik Lange,52.439282,13.38476,Office
808,Mariendorf,52.44008,13.3900277,Schindler Digital Group AG Niederlassung Berlin,52.440170821699944,13.378800082224608,Office
809,Mariendorf,52.44008,13.3900277,Glowbell GmbH,52.44639752636537,13.386148759713567,Office
810,Mariendorf,52.44008,13.3900277,Reischer CRM Consultants GmbH,52.437076190671974,13.376884556793915,Office
811,Mariendorf,52.44008,13.3900277,Heldenwerbung GmbH,52.43937996775371,13.379349000821044,Tech Startup
812,Mariendorf,52.44008,13.3900277,HS-X Klima u. Gebäudetechnik,52.443153381347656,13.386088371276855,Office
813,Mariendorf,52.44008,13.3900277,Linara - 24h Pflege daheim,52.437515,13.389334,Office
814,Mariendorf,52.44008,13.3900277,DPi Automatisierungssysteme GmbH,52.436993574453226,13.377165977355117,Office
815,Mariendorf,52.44008,13.3900277,Im Gegenteil Hq,52.437159,13.375986,Office
816,Mariendorf,52.44008,13.3900277,Alphagrün GmbH,52.43551505106968,13.373043537139893,Office
817,Mariendorf,52.44008,13.3900277,NEWEO Handels GmbH,52.437379,13.375368,Tech Startup
818,Mariendorf,52.44008,13.3900277,Schindler Deutschland AG & Co. KG,52.44177710961289,13.378014111258862,Office
819,Marienfelde,52.4125766,13.3665916,IBM,52.40927832709075,13.368473052978516,Coworking Space
820,Marienfelde,52.4125766,13.3665916,GWP AG,52.41566686256032,13.36169413617323,Office
821,Marienfelde,52.4125766,13.3665916,caritas malteserstr.,52.41171646118164,13.357998847961426,Office
822,Marienfelde,52.4125766,13.3665916,Hauschild Elektrofachhandel,52.418701385743745,13.359894455255045,Office
823,Marienfelde,52.4125766,13.3665916,TCS,52.419153,13.359358,Office
824,Marienfelde,52.4125766,13.3665916,Schulte & Partner,52.41619791522468,13.361451820667602,Office
825,Marienfelde,52.4125766,13.3665916,Unternehmensnetzwerk Motzener Straße,52.406962,13.378542,Office
826,Marienfelde,52.4125766,13.3665916,Inkozell,52.421400584712934,13.364644799427353,Office
827,Marienfelde,52.4125766,13.3665916,GK Formblech GmbH,52.4138841,13.3797222,Conference Room
828,Marienfelde,52.4125766,13.3665916,Klamottendealer HQ,52.40926879033964,13.379264887264986,Tech Startup
829,Marienfelde,52.4125766,13.3665916,SDL Digitaler Buchdruck,52.411098520717644,13.37731510923365,Office
830,Marienfelde,52.4125766,13.3665916,2sense Event,52.411387,13.380532,Conference Room
831,Marienfelde,52.4125766,13.3665916,Isolierungen Wendt,52.40792373452781,13.381057496488905,Office
832,Marienfelde,52.4125766,13.3665916,Adjans Digital Agency Deutschland,52.410895,13.380303,Advertising Agency
833,Marienfelde,52.4125766,13.3665916,Die Johanniter OV Berlin-Süd,52.408414408881384,13.379716873168945,Non-Profit
834,Lichtenrade,52.3934559,13.4020397,AsiPlan Gmbh,52.393222267101805,13.39819828373426,Office
835,Lichtenrade,52.3934559,13.4020397,AZ-Büro,52.38666,13.395115,Office
836,Neukölln,52.4811497,13.4353501,Bürgeramt 1 Neukölln,52.48153120081497,13.437017471408016,City Hall
837,Neukölln,52.4811497,13.4353501,Mimi Berlin,52.4823725041546,13.434568027776193,Office
838,Neukölln,52.4811497,13.4353501,Rechtsanwalts- und Notarkanzlei  Mozelewski & Mozelewski,52.480965,13.435025,Office
839,Neukölln,52.4811497,13.4353501,VISLAB,52.4825498450008,13.434124535083734,Tech Startup
840,Neukölln,52.4811497,13.4353501,wefox,52.487838068908864,13.422990549587906,Tech Startup
841,Neukölln,52.4811497,13.4353501,Unicorn Village,52.475857,13.443581,Office
842,Neukölln,52.4811497,13.4353501,Betahaus,52.484239,13.449574,Coworking Space
843,Neukölln,52.4811497,13.4353501,Liane,52.485931,13.427524,Coworking Space
844,Neukölln,52.4811497,13.4353501,Holvi,52.48453,13.449539,Tech Startup
845,Neukölln,52.4811497,13.4353501,Deloitte Digital,52.48503258,13.44000033,Office
846,Neukölln,52.4811497,13.4353501,QM Ganghoferstraße,52.47823028700889,13.441319511504336,Office
847,Neukölln,52.4811497,13.4353501,bmgev.de,52.482178063019,13.43923899440865,Campaign Office
848,Neukölln,52.4811497,13.4353501,Mitosis Factory,52.484679,13.43525,Coworking Space
849,Neukölln,52.4811497,13.4353501,geoSYS,52.490513,13.432601,Office
850,Neukölln,52.4811497,13.4353501,Heart Space Coworking & Coffee,52.48857,13.423142,Coffee Shop
851,Neukölln,52.4811497,13.4353501,Origin Berlin,52.475515,13.430106,Coworking Space
852,Neukölln,52.4811497,13.4353501,STAYCATION DESIGN - Architecture Urbanism Interiors GbR,52.483093846212206,13.440999984741211,Tech Startup
853,Neukölln,52.4811497,13.4353501,Heart Space Berlin,52.48838,13.423226,Coworking Space
854,Neukölln,52.4811497,13.4353501,moodyard,52.471552,13.440348,Office
855,Neukölln,52.4811497,13.4353501,La Marzocco Deutschland Hq,52.489529,13.429072,Office
856,Neukölln,52.4811497,13.4353501,MMB Audio GmbH,52.48201085340445,13.440342843532562,Office
857,Neukölln,52.4811497,13.4353501,Turbokultur,52.47927793402905,13.422594666481018,Tech Startup
858,Neukölln,52.4811497,13.4353501,Honig Studios,52.4894322803259,13.425825005412115,Office
859,Neukölln,52.4811497,13.4353501,Journey 2 Creation,52.483992,13.450008,Tech Startup
860,Neukölln,52.4811497,13.4353501,Pulsraum,52.48967231607481,13.423781973679478,Coworking Space
861,Neukölln,52.4811497,13.4353501,Megastudio HQ,52.47595605204663,13.432863788327492,Coworking Space
862,Neukölln,52.4811497,13.4353501,lichterloh,52.48266979852734,13.436854543970556,Office
863,Neukölln,52.4811497,13.4353501,die textschmiede,52.487488,13.421347,Office
864,Neukölln,52.4811497,13.4353501,Nemona,52.48301602159515,13.428208192352075,Office
865,Neukölln,52.4811497,13.4353501,Omikron Data Quality GmbH - Berlin,52.49176213489648,13.423755324405048,Office
866,Neukölln,52.4811497,13.4353501,Vive Berlin,52.47399809048642,13.444767422912015,Office
867,Neukölln,52.4811497,13.4353501,ibelsa GmbH,52.48190324719391,13.424938947430924,Office
868,Neukölln,52.4811497,13.4353501,Trigramm Berlin Office,52.487371,13.43613,Office
869,Neukölln,52.4811497,13.4353501,fraisr HQ,52.489289080915086,13.425617880686804,Office
870,Neukölln,52.4811497,13.4353501,Almost,52.486341,13.434564,Coworking Space
871,Neukölln,52.4811497,13.4353501,Weise7,52.479054,13.423257,Coworking Space
872,Neukölln,52.4811497,13.4353501,Elmgreen & Dragset,52.484992,13.44266,Office
873,Neukölln,52.4811497,13.4353501,Weserland,52.4869440460565,13.43282304223282,Coworking Space
874,Neukölln,52.4811497,13.4353501,olezimmer.com graphik.design.studio,52.49043723884232,13.432502746582031,Office
875,Neukölln,52.4811497,13.4353501,Thomas Lehner Visuelle Kommunikation,52.473875,13.444907,Office
876,Neukölln,52.4811497,13.4353501,Souvenir-Music Office,52.48817,13.423024,Coworking Space
877,Neukölln,52.4811497,13.4353501,Unsigned Integer HQ,52.491646,13.424101,Tech Startup
878,Neukölln,52.4811497,13.4353501,wahwah.fm Office,52.489025,13.428896,Tech Startup
879,Neukölln,52.4811497,13.4353501,floruit films office,52.47823127001895,13.447477998114225,Tech Startup
880,Neukölln,52.4811497,13.4353501,Playotope,52.48942184448242,13.425518989562988,Tech Startup
881,Neukölln,52.4811497,13.4353501,ClipDuell UG,52.490357,13.42461,Tech Startup
882,Neukölln,52.4811497,13.4353501,Tailored Communications,52.48818715787114,13.422830741859677,Advertising Agency
883,Britz,52.4483324,13.4423401,Betriebshof Britz (BVG),52.45276261904581,13.435872602193086,Building
884,Britz,52.4483324,13.4423401,CDU Wahlkreisbüro Christina Schwarzer,52.45282716464338,13.43844132551987,Office
885,Britz,52.4483324,13.4423401,Haupt Pharma,52.452798696063354,13.436252433405752,Office
886,Britz,52.4483324,13.4423401,Alstom Grid,52.452743,13.432513,Office
887,Britz,52.4483324,13.4423401,Opitz Consulting GmbH Berlin,52.45340938310712,13.431675202221419,Office
888,Britz,52.4483324,13.4423401,walter services Berlin GmbH,52.45389638665401,13.435477585217875,Coworking Space
889,Britz,52.4483324,13.4423401,Theta Innovation GmbH,52.451052,13.451017,Office
890,Britz,52.4483324,13.4423401,KIZ Prowina,52.452679,13.432276,Office
891,Britz,52.4483324,13.4423401,DOAG e.V.,52.45331869714506,13.431421045792542,Office
892,Britz,52.4483324,13.4423401,BSR Kantine,52.451550363554055,13.427728414535522,Corporate Cafeteria
893,Britz,52.4483324,13.4423401,GSE Protect GmbH,52.44202423095703,13.432936668395996,Office
894,Britz,52.4483324,13.4423401,"msg systems ag, GS Berlin",52.453495,13.431684,Office
895,Britz,52.4483324,13.4423401,BIOTRONIK Vertriebs GmbH & Co. KG,52.452574,13.4308,Office
896,Britz,52.4483324,13.4423401,Konica Minolta Berlin,52.45245936744871,13.429715431778131,Office
897,Britz,52.4483324,13.4423401,Zertificon Solutions GmbH,52.453925,13.431126,Corporate Amenity
898,Buckow,52.4186619,13.4289504,AV Consult GmbH,52.417155761742514,13.424632020211789,Office
899,Rudow,52.4146801,13.4986183,Birkhölzer Raumausstattung,52.4176827,13.496155,Office
900,Gropiusstadt,52.4249493,13.466183,DragonLeo,52.42070938708311,13.473823583791747,Office
